Locality,LOC_PID,Longitude,Latitude
ARTHUR RIVER,WA1874,117.01583763,-33.35149218
TONEBRIDGE,WA2088,116.67713875,-34.200751
MAHOGANY CREEK,WA2933,116.13202732,-31.91644087
DONGOLOCKING,WA2598,117.74441142,-33.13381697
HULONGINE,WA2268,116.82219713,-31.36295779
LITTLE ITALY,WA1893,119.12841634,-32.6665279
KADATHINNI,WA1933,115.59948935,-29.64259729
FRANKLAND RIVER,WA1865,116.9668889,-34.33889301
TURKEY HILL,WA1927,119.37645711,-30.95374126
PINJAR,WA2517,115.83076033,-31.61832996
NORTHBRIDGE,WA3321,115.85557647,-31.94611376
LESMURDIE,WA2921,116.04527072,-32.00754252
EAST PERTH,WA3146,115.87717286,-31.95824255
MOUNT HORNER,WA2359,115.15546316,-29.15269392
BECKENHAM,WA3125,115.96061785,-32.02433298
BOALLIA,WA2785,115.26692352,-33.78929996
MOUNT BUDD,WA2362,115.65488761,-29.19436688
ELABBIN,WA2700,118.13340407,-31.2514054
CAPRICORN,WA1751,119.71001562,-23.93789635
MANJIMUP,WA2893,116.14428866,-34.24552381
MORGANTOWN,WA3382,113.658045,-24.87148084
MOORE RIVER NATIONAL PARK,WA2073,115.67275225,-31.11413454
MOONIES HILL,WA2107,117.53217233,-34.10116572
FOREST GROVE,WA2448,115.13118609,-34.08726757
CAPE LE GRAND,WA1994,122.30571278,-33.93005197
GLENTROMIE,WA2689,116.25439641,-30.90494715
GREENOUGH,WA2710,114.71954524,-28.92342287
WATERBANK,WA1840,122.63654818,-17.45521189
COSSACK,WA2762,117.19399381,-20.68955948
MEERUP,WA2420,116.02071091,-34.65666144
SOUTH BURRACOPPIN,WA1921,118.61287268,-31.58021268
WHITE PEAK,WA2971,114.65351575,-28.62839424
LAVERTON,WA1731,122.56528726,-28.70879126
EAST MUNGLINUP,WA2398,120.94264668,-33.68950477
JERDACUTTUP,WA1986,120.4334075,-33.77563419
BIRCHMONT,WA2502,115.72444888,-32.71518438
KUKERIN,WA3219,118.08812311,-33.18538067
KARLKURLA,WA2980,121.42635258,-30.7305696
COWALELLUP,WA2183,118.57495709,-34.07243274
CADOUX,WA1906,117.11009668,-30.72027691
PAYNEDALE,WA2476,115.75879646,-33.60542026
WEMBLEY DOWNS,WA3322,115.77723258,-31.91854197
HALLS HEAD,WA2832,115.69692014,-32.543044
MORLEY,WA2870,115.91016693,-31.88759091
FREMANTLE,WA3094,115.75862505,-32.05339676
DARRADUP,WA2058,115.54879705,-34.12184069
KERALUP,WA2841,115.83226456,-32.44630068
COOLADAR HILL,WA1785,118.16877153,-28.54076095
DANDARAGAN,WA1928,115.75017257,-30.61643304
PERTH AIRPORT,WA2865,115.97218807,-31.9442114
GIBSON DESERT NORTH,WA1709,126.57899315,-22.50695263
ALBANY,WA3012,117.88396966,-35.02751637
SCOTT RIVER,WA2449,115.27007615,-34.26342353
SANDSTONE,WA1710,119.17639272,-28.33351845
BURSWOOD,WA3151,115.89314075,-31.95582389
DARTMOOR,WA2381,115.17992806,-28.0045118
IKEWA,WA2725,115.53800637,-29.18319914
KING LEOPOLD RANGES,WA1760,125.39806167,-17.0141311
AUSTRALIND,WA2485,115.72299869,-33.2829403
SOUTH PERTH,WA3147,115.8627035,-31.97878099
PIPPINGARRA,WA2030,118.76066664,-20.45018795
NANNUP,WA2063,115.85353011,-33.94474573
MAYANUP,WA2095,116.48472385,-33.95492982
KOJARENA,WA2716,114.87444192,-28.71920024
MAYLANDS,WA3156,115.90017328,-31.93691498
BEAUFORT RIVER,WA2146,117.04940823,-33.56518626
YALYALUP,WA2468,115.41448091,-33.6749503
YARLOOP,WA2498,115.86730041,-32.95824369
STRELLEY,WA2418,119.00277092,-20.49236018
IRISHTOWN,WA2646,116.64941771,-31.59801551
MULGA DOWNS,WA1837,118.83619738,-22.21034946
NULLAKI,WA2430,117.40463789,-35.02463014
MUNGLINUP,WA1990,120.52517952,-33.4615979
KEYSBROOK,WA1899,116.03071209,-32.43704343
CHARLEY CREEK,WA2812,115.9063712,-33.58152144
PALMDALE,WA2440,118.12239435,-34.71869567
OAKFORD,WA2852,115.92923298,-32.21054897
APPLECROSS,WA3111,115.83666901,-32.0136979
SHELLEY,WA3118,115.88662182,-32.02969898
CHITTERING,WA2261,116.05637461,-31.48026152
MOUNT HELENA,WA2945,116.20950172,-31.85814275
DONNYBROOK,WA2810,115.81590003,-33.55829404
PEGS CREEK,WA3282,116.83436428,-20.73104764
COWARAMUP,WA2455,115.09080326,-33.85875287
MILING,WA1956,116.37802458,-30.41976489
COWALLA,WA2528,115.5653173,-31.09848882
YETNA,WA2714,114.69656921,-28.60802292
MANDURAH,WA3053,115.73280966,-32.52647714
NARRALOGGAN,WA2660,117.08289014,-31.86496522
KATANNING,WA2122,117.57688816,-33.6907204
KATRINE,WA2233,116.5537153,-31.62699638
GREENHILLS,WA2656,116.96304491,-31.90084167
YARAWINDAH,WA2274,116.23951661,-31.106415
WHITE GUM VALLEY,WA3303,115.77057742,-32.06029449
CARBUNUP RIVER,WA2464,115.17068924,-33.70442484
UCARTY WEST,WA2269,116.91920695,-31.33014335
INKPEN,WA2632,116.57241275,-31.84324219
KALGUP,WA3035,115.37096741,-33.72145558
WOODLANDS,WA3325,115.79218485,-31.9081371
CATABY,WA2533,115.49309906,-30.72676615
BENJABERRING,WA2296,117.29343644,-31.12914513
KEALY,WA3030,115.2297216,-33.66639159
BOYUP BROOK,WA2098,116.40622683,-33.8456229
CAPEL,WA2479,115.56962878,-33.55705722
WALLISTON,WA3359,116.07512929,-32.00047836
TALISKER,WA1817,115.1160213,-26.44107708
SHADFORTH,WA2431,117.26939033,-34.96384848
CASUARINA,WA3082,115.86961113,-32.24133494
BRINGO,WA2972,114.83174256,-28.7419207
COLLINGWOOD HEIGHTS,WA2775,117.91951948,-34.99339061
ABBEY,WA3295,115.25640455,-33.66395581
BULYEE,WA2243,117.51760897,-32.30624188
TRIGG,WA3166,115.75815579,-31.87621016
SPRINGFIELD,WA2961,114.95384551,-29.28741693
PORT DENISON,WA2960,114.93416915,-29.28626688
GILLINGARRA,WA2277,116.03924239,-30.90069062
BROOKHAMPTON,WA2477,115.89596059,-33.63307629
BAUDIN,WA2064,115.45048707,-33.86460822
DUMBERNING,WA2600,117.10102583,-33.00422454
MOUNT LINDESAY,WA2043,117.37396278,-34.8184239
DRYSDALE RIVER,WA1763,126.70552183,-14.87682548
AJANA,WA1942,114.69079133,-27.87720398
NANARUP,WA2050,118.11110942,-34.98388143
PARKERVILLE,WA2943,116.13360016,-31.8665409
SHERLOCK,WA1836,117.70887131,-21.03633853
BURRUP,WA2759,116.80675299,-20.58049136
HERRON,WA2829,115.68174668,-32.75414896
SIR SAMUEL,WA2015,120.48094816,-27.49284803
TAMPU,WA2393,117.80461036,-30.19418702
GLENLYNN,WA2546,116.15601212,-34.00843401
NOKANING,WA2328,118.20713202,-31.38227632
FERNDALE,WA3124,115.92471898,-32.02942272
LOL GRAY,WA2605,117.02825409,-32.74009432
YOONGARILLUP,WA2801,115.43146036,-33.71622704
KARRAMINDIE,WA2008,121.40362028,-31.01524217
WALMSLEY,WA3022,117.90298918,-34.97386833
JENNAPULLIN,WA2682,116.72182274,-31.5362888
CAPEL RIVER,WA2473,115.64916787,-33.63225158
TUTUNUP,WA2472,115.55626262,-33.65657778
BEDFORDALE,WA2621,116.06744595,-32.17823407
ACTON PARK,WA2796,115.37485904,-33.76267907
THE PLAINS,WA2807,115.69019324,-33.56346511
DRYANDRA,WA2604,116.97346533,-32.77733689
VIVEASH,WA3362,115.99763298,-31.87744913
QUALEUP,WA2102,116.82591129,-33.8685155
SCOTTS BROOK,WA2097,116.6421029,-33.97360589
BROOKTON,WA2237,117.00559982,-32.35067475
ROBINSON,WA2769,117.82867483,-35.02897044
GILGERING,WA2230,116.8362726,-32.00538017
LYNWOOD,WA3311,115.92884763,-32.04012439
EAST VICTORIA PARK,WA3143,115.90382618,-31.98931627
CUNJARDINE,WA2265,116.87789771,-31.44836605
BURAMINYA,WA1711,122.9006668,-32.93704381
WESTWOOD,WA2116,117.33229571,-33.6056214
MUNSTER,WA2513,115.80501519,-32.14695556
KWELKAN,WA2701,118.02515306,-31.13883883
MILLBRIDGE,WA3048,115.73509603,-33.30623
MCKAIL,WA2774,117.83010993,-34.98530079
USHER,WA3037,115.62884866,-33.37984218
BABAKIN,WA2318,118.04153867,-32.14289288
ANNIEBROOK,WA2790,115.16924743,-33.66937468
SKELETON ROCK,WA1920,119.50901565,-31.89145321
TAMMIN,WA3363,117.48789083,-31.64140102
QUINDALUP,WA2463,115.12391047,-33.65768981
EMBLETON,WA3158,115.91122794,-31.902126
MILLSTREAM,WA2026,117.38782807,-21.39507837
BOULDER,WA3268,121.4846488,-30.77722245
DUNDAS,WA2002,121.68225283,-32.47364357
DOOBARDA,,115.94735248,-32.17382391
MINIGIN,WA2158,117.05296338,-32.9243365
KENTDALE,WA2771,117.06343948,-34.93659967
BERKSHIRE VALLEY,WA2383,116.14805412,-30.55823994
REEDY,WA1788,118.32284558,-27.23095531
DANDANNING,WA2336,118.20215298,-30.9866545
MIDDLETON BEACH,WA3290,117.91129934,-35.02364906
LOCKRIDGE,WA3338,115.95033824,-31.88190149
NORSEMAN,WA1724,120.88199807,-32.24105334
EAST CHAPMAN,WA2717,114.80315378,-28.67884668
MEDA,WA1845,124.05428231,-17.31901894
VICTORY HEIGHTS,WA3378,121.47275181,-30.77887868
MANNING,WA3314,115.86987924,-32.01336256
WYENING,WA2687,116.51444255,-31.15365739
NANUTARRA,WA1746,116.20670361,-22.68864647
HASTINGS,WA2217,116.79478311,-32.54689233
BLYTHEWOOD,WA2506,115.8526373,-32.68528288
MOUNT WALKER,WA2319,118.74526325,-32.0397453
NORTH TRAYNING,WA2309,117.78800506,-31.03842552
BARRAGUP,WA2837,115.79427771,-32.53898228
PORT ALBANY,WA3015,117.90659735,-35.03356958
EXMOUTH,WA2757,114.11747856,-21.94579073
WILGOYNE,WA2346,118.3936501,-30.76419027
ORD RIVER,WA1766,128.15516824,-17.76171862
WEST BEACH,WA2746,121.84144122,-33.87738261
GNARABUP,WA3293,114.99769729,-33.99479812
NORTH BEACH,WA3339,115.75915342,-31.86053614
LAKE ARGYLE,WA1847,128.65595899,-16.36613425
BULLSBROOK,WA2224,116.02860372,-31.66324147
REDMOND WEST,WA2044,117.54940473,-34.888585
WEST BALLIDU,WA2288,116.63015429,-30.57901175
PERILLUP,WA1866,117.22318508,-34.61843867
PEMBERTON,WA2889,116.05067301,-34.44170754
WEST BINNU,WA2373,114.42312632,-27.97783955
LOCKYER,WA3286,117.85581181,-35.0060469
CARABOODA,WA2882,115.72048969,-31.59753422
LAKE HINDS,WA2286,116.54116939,-30.7742196
NULLAGINE,WA1753,120.21512287,-21.97273292
MEEKATHARRA,WA1716,118.71199218,-26.445915
WALEBING,WA2281,116.21908685,-30.68549274
RAVENSTHORPE,WA1989,120.02653747,-33.52019686
NEWMAN,WA1752,119.9302178,-22.96032798
MOORA,WA2279,116.00844422,-30.61524933
KARRIDALE,WA2447,115.13410479,-34.18502982
YEBBLE,,114.99769374,-33.92201807
WALGOOLAN,WA1922,118.58458551,-31.33755162
CUE,WA2976,117.88765368,-27.44846582
LIME LAKE,WA2590,117.37892538,-33.40182278
BRAZIER,WA2474,115.82313409,-33.75785498
KUNUNOPPIN,WA3241,117.91703547,-31.11290757
DUNCRAIG,WA3169,115.77642111,-31.83278136
KARLGARIN,WA1909,118.68303663,-32.41960053
GINGERAH,WA1756,122.79234531,-19.07580922
WILSON,WA3121,115.911841,-32.02036619
HESTER,WA2898,116.16067906,-33.90265555
CALLCUP,WA2038,115.94130026,-34.59082122
NORTH CASCADE,WA1791,120.87122622,-32.93397685
FITZGERALD RIVER NATIONAL PARK,WA1883,119.56031807,-34.01449325
DAMPIER PENINSULA,WA1841,122.86353051,-16.93293694
LAKE MARGARETTE,WA2310,117.53434515,-30.68489956
FRANCOIS PERON NATIONAL PARK,WA2016,113.59899281,-25.86091726
MANDOGALUP,WA3078,115.84345219,-32.19294933
NORTHAM,WA2645,116.66549386,-31.65251688
MURESK,WA2958,116.70456058,-31.72749684
FEYSVILLE,WA2009,121.64638975,-31.00187606
ORANA,WA3291,117.85924575,-34.99597917
MOUNT HAWTHORN,WA3141,115.83508107,-31.9200672
INNALOO,WA3324,115.79544935,-31.89265059
MIRRABOOKA,WA3188,115.8659464,-31.85960409
NOLLAMARA,WA3343,115.84544807,-31.88016017
BEELIAR,WA2853,115.82176665,-32.14119217
WALLAROO,WA1805,120.40722505,-30.61711972
DARLINGTON,WA2927,116.08060617,-31.92479233
STAKE HILL,WA2840,115.80208364,-32.49092979
BEERMULLAH,WA2074,115.74906867,-31.21666309
COOKERNUP,WA2496,115.86027449,-33.00101552
QUEENWOOD,WA2484,115.90726594,-33.53685359
MARBELUP,WA2436,117.74822675,-34.97537884
KOKEBY,WA2238,116.98139608,-32.20577451
MALABAINE,WA2651,116.73952909,-31.6063086
CORINTHIA,WA2350,119.14052054,-31.12510397
KALLAROO,WA3184,115.74424468,-31.79074848
BOYERINE,WA2589,117.36394448,-33.49227762
INNAWANGA,WA1743,116.63084289,-23.39184873
WEST FITZGERALD,WA1884,119.3859164,-33.7193428
CATTERICK,WA2551,116.14323435,-33.83499003
BOONANARRING,WA2530,115.87667494,-31.19982241
MARNE,WA2741,116.66477216,-30.47639199
KENDENUP,WA1867,117.58335053,-34.47635178
KOONGAMIA,WA3361,116.04227599,-31.90655551
DULBELLING,WA2661,117.25800071,-31.9988178
TOODYAY,WA2630,116.43314181,-31.57823133
DE GREY,WA1839,119.22536115,-20.23763536
PERON,WA3058,115.70053678,-32.27657854
KARDINYA,WA3101,115.81485363,-32.06557233
EAST PINGELLY,WA1900,117.32440351,-32.5119494
BARBERTON,WA2690,116.01220746,-30.73276327
UDUC,WA2825,115.8100947,-33.04928513
MOGUMBER,WA2273,116.04736999,-31.01560563
CITY BEACH,WA3134,115.76527961,-31.93533366
BUTLER,WA3203,115.70484453,-31.64295256
TRIGWELL,WA2100,116.57516857,-33.62887223
MUNDABULLANGANA,WA2029,118.17763357,-20.6015316
MADURA,WA1803,127.02347709,-31.91342107
COMO,WA3142,115.86766542,-31.9996865
DURACK,WA1767,127.57516923,-16.34496554
PELICAN POINT,WA3047,115.69084641,-33.32048807
FITZGERALD,WA3356,119.45485672,-33.74773083
JACKITUP,WA2181,118.13304588,-33.88485232
RED GULLY,WA2077,115.80708073,-31.05173857
KARNUP,WA2842,115.79455441,-32.4174444
BOORAGOON,WA3107,115.83368635,-32.0395247
PIARA WATERS,WA3112,115.91642235,-32.13347813
ANKETELL,WA3083,115.86553368,-32.21858595
BENNETT SPRINGS,WA3392,115.94599076,-31.85638526
INGGARDA,WA1819,114.23581028,-24.97141957
YOURDAMUNG LAKE,WA1873,116.3066412,-33.13825135
MINDARRA,WA2272,115.95330467,-31.08620711
SOUTH MURCHISON,WA1739,116.50726443,-27.26203676
NATURALISTE,WA2465,115.04455336,-33.58499959
COONDLE,WA2264,116.4279482,-31.49006496
HOPETOUN,WA1985,120.08940132,-33.85931439
KUNUNURRA,WA2036,128.84621664,-15.57842627
MURCHISON,WA1740,116.02630951,-26.50077663
WOORAMEL,WA1818,114.44868554,-25.62385357
WANNEROO,WA2878,115.81616479,-31.75742315
PIESSE BROOK,WA2925,116.07617488,-31.95979191
SOUTH KUKERIN,WA2191,118.14685207,-33.233689
WORSLEY,WA2127,115.99104223,-33.3017017
DAGGAR HILLS,WA1783,117.59043008,-28.11177149
BOWELLING,WA2129,116.48363609,-33.48341794
MILLENDON,WA2941,116.03675495,-31.80772482
DROME,WA2437,117.77023539,-34.93779557
DOUBLEVIEW,WA3136,115.78163511,-31.89632939
GLEN IRIS,WA3043,115.6829693,-33.34265147
LESCHENAULT,WA2823,115.70629126,-33.24354667
BADJALING,WA2665,117.50084083,-32.00098066
WESTMINSTER,WA3179,115.83934005,-31.86735553
FOREST HILL,WA2046,117.41865986,-34.60072942
SWAN VIEW,WA3235,116.05282396,-31.88245976
HILL RIVER,WA2355,115.29254621,-30.25836372
BOORABBIN,WA1804,120.14849844,-30.91564551
DOWERIN,WA2293,117.0676597,-31.21284375
KALGAN,WA2051,118.03162329,-34.89823034
MOLLOY ISLAND,WA3027,115.21046788,-34.2687678
PITHARA,WA1957,116.69795464,-30.39563072
BRIDGETOWN,WA2897,116.13122518,-33.95443456
PEEDAMULLA,WA2025,115.48782256,-21.72938367
PALMER,WA2580,116.24774465,-33.29113548
SCARBOROUGH,WA3135,115.76539927,-31.89648756
TENINDEWA,WA2376,115.31730105,-28.58980418
BREMER BAY,WA2186,119.21217532,-34.38209129
PICTON,WA3044,115.70155504,-33.34717202
KENWICK,WA2917,115.98113667,-32.02715191
ALKIMOS,WA2875,115.68355454,-31.61469041
GABBIN,WA2312,117.68362493,-30.73283171
JANDAKOT,WA2856,115.8723406,-32.10238453
TRENT,WA1852,116.90816322,-34.84552953
LAKE CAMM,WA1896,119.66525054,-32.93859539
KALGOORLIE,WA3271,121.4697252,-30.75285942
YOKINE,WA3140,115.85320875,-31.90112465
COOLOONGUP,WA2847,115.77679249,-32.29551982
WAIKIKI,WA2845,115.76535639,-32.31611576
PINDAR,WA1984,115.9840337,-28.5324224
BEVERLEY,WA1901,116.89228547,-32.09925438
CULLALLA,WA2672,116.00197584,-31.21951332
SOUTHERN RIVER,WA2858,115.96045333,-32.10660571
WILBERFORCE,WA2234,116.70614552,-31.78639016
BANJUP,WA2855,115.88293058,-32.15758843
DIANELLA,WA2869,115.87198241,-31.88823912
KALBARRI NATIONAL PARK,WA1947,114.42142869,-27.70501464
MUMBERKINE,WA2681,116.66682151,-31.3909409
KURRENKUTTEN,WA2316,118.09709533,-32.29858826
MILLBROOK,WA2778,117.87258212,-34.90678821
MINILYA,WA1737,114.62802637,-23.85917298
WATERMANS BAY,WA3340,115.75923889,-31.85099098
QUINNINUP,WA2082,116.29658172,-34.45036406
WATTLEUP,WA3079,115.8130531,-32.167682
OGILVIE,WA1775,114.7290273,-28.14734403
NERREN NERREN,WA1949,114.4105297,-27.06530347
MADORA BAY,WA3062,115.75240119,-32.46943037
LESLEY,WA2625,116.24294836,-32.1361944
YALGOO,WA1723,116.75464731,-28.18474895
NEDLANDS,WA3130,115.80567485,-31.97984456
WANDI,WA3084,115.87628771,-32.19428663
EGLINTON,WA2876,115.66761992,-31.58424627
GUILDFORD,WA3165,115.97493929,-31.8974059
CHURCHLANDS,WA3323,115.79295737,-31.92159524
WOOGENELLUP,WA1876,117.89516585,-34.53609846
WATERFORD,WA3313,115.88658847,-32.01570678
EAST POPANYINNING,WA2609,117.25096945,-32.63153922
DENMARK,WA2772,117.35609036,-34.97490545
GLENFIELD,WA2968,114.62123021,-28.69243627
WATTONING,WA2338,118.21235613,-30.75500324
KARRAGULLEN,WA2624,116.1385101,-32.10256728
BANKSIADALE,WA1872,116.13399092,-32.63037987
NORTH PERTH,WA3330,115.85304037,-31.92709713
SHARK BAY,WA1736,113.88701048,-25.8479867
SINGLETON,WA3064,115.75690566,-32.44402266
MINGENEW,WA3260,115.43756084,-29.1986557
KARIJINI,WA1832,118.27529048,-22.72898574
SOUTH KALGOORLIE,WA3379,121.47919317,-30.76354259
NEW NORCIA,WA2276,116.21116759,-30.97157801
DEEPDENE,WA2444,115.08172588,-34.26694978
BRABHAM,WA3393,115.97338672,-31.82792759
BEJOORDING,WA2680,116.53293652,-31.39369901
PARABURDOO,WA2407,117.69382543,-23.19278778
WILLARE,WA1843,123.44886759,-17.50759564
YOUNGS SIDING,WA2432,117.52412228,-34.98737803
GEEGULLY CREEK,WA1842,123.73055618,-18.30339419
HAY,WA2041,117.42421346,-34.94412392
HAMELIN POOL,WA2018,114.38692067,-26.48468476
NANGA,WA1816,113.94940677,-26.57869641
CAMBALLIN,WA1844,124.26956497,-18.00300582
WEMBLEY,WA3137,115.81776343,-31.93308337
BUNBURY,WA3046,115.63965973,-33.3256229
WIDGIEMOOLTHA,WA1799,121.95414529,-31.49206268
LEEDERVILLE,WA3329,115.84104007,-31.93195418
KIMBOLTON,WA1703,124.1803792,-16.61747812
HIGGINSVILLE,WA2003,121.64354465,-31.77379947
WEST LEEDERVILLE,WA3326,115.83327406,-31.93783817
WALYURIN,WA2198,118.24610464,-32.86844329
CASCADE,WA1992,121.05378743,-33.4117923
YALARDY,WA2022,115.25866715,-26.09409061
WARRADARGE,WA1930,115.32181769,-30.04119018
MOUNT SHERIDAN,WA1894,119.2152172,-32.8837504
ONSLOW,WA2410,115.14895517,-21.67914567
EAST DAMBORING,WA2385,116.80487893,-30.47882049
CONDINGUP,WA2403,122.50080785,-33.73382705
MOODIARRUP,WA2104,116.73967499,-33.60777976
CUTHBERT,WA3009,117.78287367,-35.02103869
GILROYD,WA2021,115.18302667,-25.9063241
POSTANS,WA3071,115.81222471,-32.21896346
WELBUNGIN,WA2337,118.02618781,-30.7668878
BANDY CREEK,WA2747,121.97356422,-33.81532049
BULLFINCH,WA1926,119.13347836,-30.89029445
BALLY BALLY,WA2653,117.14096763,-32.2078048
MONKEY MIA,WA3274,113.7056058,-25.80037156
BEEDELUP,WA2083,115.90788034,-34.36310758
KARRATHA INDUSTRIAL ESTATE,WA2995,116.87934657,-20.76130635
HICKETY,WA2734,114.71864957,-28.45652526
GREEN VALLEY,WA2048,117.81761016,-34.87386255
BOOTENAL,WA2965,114.73017029,-28.84999692
ETMILYN,WA2584,116.14196103,-32.76755147
MEELON,WA2583,115.93585762,-32.72631136
MILLS LAKE,WA2185,118.58527841,-33.85698257
MAGITUP,WA2172,118.15212192,-34.14310612
BUNTINE,WA1965,116.56872857,-29.96936305
QUINDANNING,WA2588,116.50032263,-33.02608503
SOUTH DATATINE,WA2595,117.86358775,-33.50452899
PERUP,WA2086,116.42617912,-34.27378729
GASCOYNE JUNCTION,WA2990,115.20178334,-25.05066062
MORBINNING,WA2654,117.17225619,-32.11251838
BROADWATER,WA3032,115.28432803,-33.66323767
LAKEWOOD,WA2982,121.52277519,-30.82629514
MOUNT MADDEN,WA1991,119.85403342,-33.23296703
MOOJEBING,WA2565,117.5474315,-33.60559309
PARKER RANGE,WA2001,119.78328232,-31.84323191
JILAKIN,WA2204,118.43374357,-32.69368641
TOOLONGA,WA1955,115.03343705,-26.95079132
DALE,WA2221,116.73268172,-32.23072802
BEECHINA,WA2947,116.31630882,-31.85557181
TOM PRICE,WA2756,117.78765266,-22.6873494
BADGERIN ROCK,WA2307,117.31314203,-30.77598273
MORAWA,WA2395,116.00115195,-29.20659009
WEST BUSSELTON,WA3033,115.32370909,-33.66086933
BROWN HILL,WA2750,121.53038085,-30.75537527
AMELUP,WA1879,118.27284695,-34.25722435
MULLALOO,WA3183,115.74263233,-31.77836843
MIRA MAR,WA3017,117.90099743,-35.01519261
SOUTH QUAIRADING,WA2241,117.35350574,-32.15197008
BIG GROVE,WA2770,117.88850173,-35.08458402
LITTLE GROVE,WA3011,117.86753222,-35.06953663
EWLYAMARTUP,WA2124,117.71197601,-33.7096069
NAMBAN,WA2384,116.04294584,-30.37615123
CHANDLER,WA2341,118.4229088,-31.06359879
FRASER RANGE,WA1712,122.94105258,-31.98307124
SHOTTS,WA2576,116.26194178,-33.38568757
COOMBERDALE,WA2382,116.04521811,-30.46211043
INDEE,WA2028,118.47354154,-20.89086187
DIXVALE,WA2892,116.05835358,-34.20204001
TOOLIBIN,WA2164,117.63903934,-32.95592161
YAKAMIA,WA3019,117.88428274,-35.0006245
EAST NABAWA,WA2374,114.92705551,-28.49018794
GREENFIELDS,WA2835,115.76311752,-32.52405913
NIPPERING,WA2597,117.68648342,-33.26323412
KOOLANOOKA,WA1974,116.23587217,-29.20548726
YANDANOOKA,WA1938,115.63827765,-29.29665879
WALLAREENYA,WA2415,118.79497391,-20.75656584
EAST BUNBURY,WA3041,115.65900432,-33.33715993
CURRAMBINE,WA3352,115.74570375,-31.73376465
LAKE JASPER,WA2059,115.66330865,-34.39313108
COCKLEBIDDY,WA1802,126.12809115,-31.76643583
WUBIN,WA1963,116.57738387,-30.09273782
ALDERSYDE,WA2239,117.26903074,-32.31507049
GNOWELLEN,WA2175,118.54104167,-34.37932765
NORTH BURNGUP,WA2205,118.77037323,-32.84640682
SOUTH BUNBURY,WA3040,115.63304085,-33.34858523
MULLINGAR,WA2752,121.49140094,-30.68012159
GREGORY,WA3262,114.26126799,-28.19404782
FORREST,WA1735,127.56611752,-30.77757239
CUNDEELEE,WA1806,123.07234267,-30.66899138
CHERRY TREE POOL,WA2561,117.25815821,-33.72749941
ALEXANDRA BRIDGE,WA3028,115.20036953,-34.16499415
MEADOW,WA1951,114.63215944,-26.82714846
LANGE,WA2777,117.89425037,-34.99006397
MERILUP,WA2190,118.20243887,-33.31407732
ROSSMORE,WA2685,116.76384761,-31.40623012
MORNINGTON,WA2128,116.04173324,-33.16890236
WEST HOLLETON,WA2321,119.00897831,-32.0219563
NORTHAMPTON,WA2975,114.62248711,-28.3497498
NANSON,WA2719,114.7706712,-28.56458123
NORTH WALPOLE,WA1851,116.66073983,-34.75519765
DURANILLIN,WA2130,116.74443976,-33.52227945
MOONDAH,WA2669,115.98947168,-31.32104869
NORTH WIALKI,WA2396,118.22684657,-30.33144543
CANCANNING,WA2154,117.58850296,-33.12000157
CARNAMAH,WA1961,115.88388605,-29.72436388
KOORDA,WA2959,117.48274512,-30.81506146
SOUTH GLENCOE,WA2592,117.66259728,-33.52583031
CLIFTON,WA2828,115.64028954,-32.75605631
ISRAELITE BAY,WA1801,123.84574176,-33.42155885
CLEAVERVILLE,WA2760,117.02381656,-20.65484616
PRINCE REGENT RIVER,WA1761,125.34071886,-15.61399998
CAMBRIDGE GULF,WA1848,128.5370349,-15.23088586
MITCHELL PLATEAU,WA1846,125.89013437,-14.7052546
IRRUNYTJU,,128.92551792,-26.06215373
KANPA,,125.61653124,-26.53082032
WANARN,,127.57269945,-25.20272651
PATJARR,,126.30624417,-24.62364887
PAPULANKUTJA,,128.28059668,-25.99749511
TJUKURLA,,128.72848808,-24.36173396
MANTAMARU,,127.68629921,-25.84471539
PURNULULU,WA2034,128.54672114,-17.44843976
MALMALLING,WA2626,116.35877517,-31.96869153
KUPARTIYA,WA3400,126.24586055,-18.88047851
GORRIE,WA2946,116.3112201,-31.91046541
NERRAMYNE,WA1953,115.48848952,-27.72177742
BOORARA,WA2984,121.64121128,-30.80397165
HOUTMAN ABROLHOS,WA1774,113.78461073,-28.71348672
DORRE ISLAND,WA2017,113.10024542,-25.11895526
WEST CAPE HOWE,WA2768,117.61348607,-35.10058716
NINGALOO,WA2023,113.76011408,-22.67739414
WARAKURNA,,128.2837253,-25.00897044
MOUNT BURGES,WA2011,120.90887635,-30.58503351
PALGARUP,WA2896,116.17508199,-34.17509854
COOLBELLUP,WA3091,115.80608993,-32.08123104
MALLEE HILL,WA1887,118.69584014,-33.22247939
MAYA,WA1966,116.56390925,-29.85622074
CALINGIRI,WA2688,116.48917274,-31.07692561
FIMISTON,WA3273,121.50486366,-30.77853017
TIBRADDEN,WA2973,114.92674711,-28.74561045
STRATHALBYN,WA3372,114.64575842,-28.75173016
STRATHERNE,WA2610,117.34304962,-32.65170048
ROCKWELL,WA2737,114.92449996,-28.35142978
GREEN HEAD,WA2704,115.02868482,-30.06610134
KONDININ,WA1908,118.3191333,-32.43094677
HILLMAN,WA3067,115.76865951,-32.28135487
WEST POPANYINNING,WA2606,116.98961415,-32.68069611
ENNUIN,WA1983,118.91302828,-30.65391461
WIJILAWARRIM,WA3401,128.46925696,-15.8173068
BINDOON TRAINING AREA,WA2675,116.29706159,-31.29974531
SPENCER PARK,WA3020,117.90005288,-35.0051975
MOULYINNING,WA2189,117.95697735,-33.25357236
PINGELLY,WA3216,117.08567612,-32.53122691
SCOTT RIVER EAST,WA2057,115.4840517,-34.26324819
MINDING,WA2148,117.17206533,-33.28654652
KOOLYANOBBING,WA2352,119.56284968,-30.82194314
BORDEN,WA3355,118.26016483,-34.0729461
KORDABUP,WA2427,117.14383787,-34.92419698
COURTENAY,WA2450,115.27218098,-34.18495166
YELBENI,WA3364,117.66255864,-31.16760341
SAMSON,WA3387,115.79768699,-32.06993832
PINWERNYING,WA3214,117.53974694,-33.6643968
WOOLOCUTTY,WA2320,118.97346619,-32.16335666
DUKIN,WA2696,117.53284285,-30.88979772
DENBARKER,WA2045,117.42303523,-34.71601225
KARLOO,WA3247,114.64246665,-28.79952237
DARTNALL,WA2119,117.76265529,-34.03033863
GOOMARIN,WA2334,118.42392107,-31.21994684
DANGIN,WA2655,117.35346381,-32.05357414
SIESTA PARK,WA3031,115.22948793,-33.65592493
WITHERS,WA3039,115.6303398,-33.36807592
ALLANOOKA,WA1937,115.09973788,-29.05797016
JITARNING,WA2197,118.0158879,-32.77255427
LAKE KING,WA1789,119.66149418,-33.09902237
NORTH JINDONG,WA2788,115.18974274,-33.7322652
SAWYERS VALLEY,WA2223,116.2521371,-31.96045263
WHITBY,WA2908,116.0153099,-32.28295408
BROOMEHILL EAST,WA2123,117.76761938,-33.87778702
KINGSTON,WA1862,116.35403523,-34.11866016
MOUNT JACKSON,WA1781,118.93834634,-30.08882595
DULYALBIN,WA2347,119.13769241,-31.55895465
GORGE ROCK,WA2314,117.99783286,-32.46029416
TARIN ROCK,WA2196,118.21568125,-33.07727842
CARTMETICUP,WA2591,117.51887755,-33.46326488
COCKBURN CENTRAL,WA3302,115.84779085,-32.12127074
DUDININ,WA2195,118.01529232,-32.9378661
BABBAGE ISLAND,WA3276,113.63621275,-24.8824628
NARALING,WA2371,114.84150028,-28.39457133
WARBURTON,WA2031,126.7112614,-26.12920518
ZANTHUS,WA1811,124.02504004,-30.8388372
PARKESTON,WA2751,121.53992975,-30.70724029
WILLAGEE,WA3106,115.80527672,-32.05201254
NILLUP,WA2781,115.26182814,-34.1236333
KELLERBERRIN,WA2258,117.704005,-31.63577349
SOLUS,WA2209,116.17871521,-32.52312816
GABALONG,WA2692,116.3874079,-30.71292645
WINDY HARBOUR,WA2037,116.07375566,-34.7799259
LINFARNE,WA2895,116.11326435,-34.16164093
NORTH LAKE GRACE,WA2200,118.46617252,-33.0193716
MADELEY,WA3345,115.82779818,-31.81091811
BOORALAMING,WA2305,117.37785497,-30.90690862
BADGEBUP,WA2566,117.88394063,-33.60879013
DUMBLEYUNG,WA2157,117.7767817,-33.30112385
COBLININE,WA2151,117.71279451,-33.58330858
GRIMWADE,WA2556,116.04608129,-33.69549729
EUCLA,WA1734,128.46695969,-31.60603928
ROTHSAY,WA1780,116.77441395,-29.22492297
DINDILOA,WA2735,114.790092,-28.43287004
POINT SAMSON,WA2416,117.18821281,-20.61521848
SANDSPRINGS,WA2966,114.94407517,-28.81022835
BOILUP,WA2560,117.01741764,-33.76134757
GLEDHOW,WA2773,117.82843618,-35.00713922
PICCADILLY,WA3269,121.46410116,-30.74280699
NEEDILUP,WA2184,118.75753254,-33.99514252
BEELA,WA2490,115.90212348,-33.24452551
JARDEE,WA2537,116.07994855,-34.30277654
BOKAL,WA2131,116.87837225,-33.44921172
JALORAN,WA2152,117.42575142,-33.17313027
TAMBELLUP,WA3212,117.63349257,-34.04328212
KEBARINGUP,WA2179,118.1645347,-34.0326199
BATEMAN,WA3104,115.84725925,-32.05552655
FRENCHMAN BAY,WA3288,117.94863253,-35.09379882
CARDIFF,WA2575,116.23233204,-33.47646916
CUNDINUP,WA2066,115.78122128,-33.85053781
ARROWSMITH EAST,WA2356,115.35162816,-29.53266636
NORTH GREENBUSHES,WA2899,116.05465604,-33.81649937
TRAFALGAR,WA2749,121.57152687,-30.81017682
JARRAHWOOD,WA3296,115.66281411,-33.79383336
METTLER,WA2056,118.59048678,-34.60233008
BULLABULLING,WA2006,120.90705403,-30.99521648
RYANSBROOK,WA2559,117.13031903,-34.10270882
WICHERINA SOUTH,WA2727,115.01483749,-28.79041811
NABAWA,WA2733,114.77364708,-28.49703375
KULIN,WA2199,118.23571763,-32.68830923
POINT GREY,WA2499,115.68521378,-32.65050162
WILLIAM BAY,WA2429,117.20453666,-35.00105692
PINGARING,WA1892,118.77021689,-32.66987542
LEARMONTH,WA2408,114.0273161,-22.1968093
DOODLAKINE,WA2298,117.83927448,-31.52640616
MUKINBUDIN,WA2339,118.26078984,-30.87465881
MECKERING,WA2663,116.98984366,-31.60564631
KING RIVER,WA3024,117.90762697,-34.93371489
LOWLANDS,WA2766,117.50481738,-35.05673117
GUTHA,WA1978,116.02442645,-28.99041463
HINDMARSH,WA2294,117.20567854,-31.27438339
JARLMADANGAH BURRU,WA3397,124.0064286,-18.00876763
WARMUN,WA3285,128.223636,-17.02651377
HOLMWOOD,WA2731,115.60301764,-29.03117386
BROOMEHILL VILLAGE,WA3213,117.63996383,-33.84965083
SOUTH BODALLIN,WA1923,118.88491823,-31.55020873
MOUNT CAROLINE,WA2667,117.64175541,-31.76367243
CERVANTES,WA3242,115.07691001,-30.50214153
CLOVERDALE,WA3154,115.94434219,-31.96276284
HARRISMITH,WA2612,117.8642468,-32.98192295
DEVILS CREEK,WA2368,115.53473044,-28.67066621
NORTH MOULYINNING,WA2599,117.91239013,-33.12347954
LOCKIER,WA2723,115.33531674,-29.18263879
ANGELO RIVER,WA1745,118.40800316,-23.83930834
VARLEY,WA1897,119.56127355,-32.84781409
MARVEL LOCH,WA1924,119.41842473,-31.53440563
NEWDEGATE,WA2206,119.05472402,-33.08220128
WILGA WEST,WA2554,116.14887949,-33.72129404
MAGENTA,WA1889,119.28083393,-33.4128972
TANDEGIN,WA1917,118.52741691,-31.67471441
YERECOIN,WA2285,116.44169761,-30.92372574
ORELIA,WA3073,115.82350003,-32.23319672
SAN REMO,WA3297,115.74456025,-32.48987604
LYALLS MILL,WA2900,116.10790311,-33.46271001
LATHAM,WA1964,116.50218803,-29.75253148
ALFRED COVE,WA3309,115.81704281,-32.0328366
FLYNN,WA2227,116.4776136,-32.05245839
YANMAH,WA2539,116.02367007,-34.1758384
WALSALL,WA2786,115.37949514,-33.79710654
MINDARABIN,WA2180,118.35511554,-33.88859241
BALLADONIA,WA1725,124.18895131,-32.25056125
PEERABEELUP,WA2060,115.78442766,-34.32279174
NOLBA,WA2738,114.86288065,-28.27714875
JACUP,WA2187,119.17883864,-33.81883748
WILLIAMSTOWN,WA2981,121.48637242,-30.73767636
CRAMPHORNE,WA1915,118.61225813,-31.84805776
BILBARIN,WA2317,117.9289922,-32.20464272
CUBBINE,WA2250,117.33365013,-31.8806938
HENTY,WA2487,115.83107642,-33.37809226
WEBBERTON,WA3255,114.63229949,-28.7523119
MANMANNING,WA2306,117.15803701,-30.88593989
YUNA,WA2378,115.05725536,-28.2530694
BERESFORD,WA3254,114.61978834,-28.7567016
ARGYLE,WA2809,115.77067706,-33.54577162
SINCLAIR,WA3376,121.8738041,-33.86339962
DUNN ROCK,WA2208,119.48901376,-33.32348559
NORTH KUNUNOPPIN,WA2335,117.95596177,-31.02897928
ST GEORGE RANGES,WA1720,124.88845212,-18.96397009
BOUNDAIN,WA2159,117.35415368,-32.95120979
LONDONDERRY,WA2007,121.27592686,-31.2227427
MOUNT ERIN,WA2721,114.85641645,-28.57042623
BINNINGUP,WA2491,115.72361325,-33.13515824
BOWGADA,WA1776,116.26318756,-29.35685044
ROCKLEA,WA1831,117.65620326,-22.98665837
EAST WICKEPIN,WA2614,117.71191369,-32.77229743
BROOMEHILL WEST,WA2120,117.48636152,-33.87929699
KIRK ROCK,WA2615,117.76511161,-32.65305673
SILVER SANDS,WA3056,115.7358955,-32.5082908
WYALKATCHEM,WA2295,117.3671133,-31.2731697
BORDERDALE,WA2117,117.39998538,-34.05341405
CANNING MILLS,WA2623,116.09578724,-32.05743701
KOOMBERKINE,WA2303,117.02670822,-31.03204519
ESPERANCE,WA3375,121.88959452,-33.8607974
INGLEHOPE,WA2585,116.18676389,-32.73150607
MOUROUBRA,WA1972,117.76359551,-29.78361481
LAKE BIDDY,WA1891,118.95629777,-32.90344717
NOMANS LAKE,WA2611,117.50370795,-33.0107701
WITTENOOM,WA2414,118.30529315,-22.25016093
BINDULI,WA2977,121.38528538,-30.79862956
MEDINA,WA3072,115.79900943,-32.23403505
GWINDINUP,WA2818,115.74323643,-33.52184801
YANDOO CREEK,WA1821,114.28874562,-24.27400838
COYRECUP,WA2125,117.84003818,-33.71101794
BUREKUP,WA2488,115.83528017,-33.3314644
MUNDIJONG,WA2907,115.97875654,-32.28768084
NORTH BANNISTER,WA2215,116.47324291,-32.54431247
COOROW,WA2742,116.03121037,-29.88560199
MOUNT PALMER,WA2004,119.84857291,-31.50073254
KUENDER,WA2203,118.52259075,-32.87056539
QUAIRADING,WA2662,117.40926711,-31.98819823
COLLANILLING,WA2153,117.53362183,-33.23775324
GOODE BEACH,WA3010,117.93193183,-35.08671449
LANCELIN,WA2531,115.35597952,-31.02369967
COLLIE BURN,WA2901,116.20545402,-33.3912477
USELESS LOOP,WA2985,113.40865794,-26.13003367
BARBALIN,WA2703,118.11573462,-30.89932873
PINTHARUKA,WA1975,116.16123805,-29.08266356
NYABING,WA1885,118.17204058,-33.55955091
GARDEN ISLAND,WA2848,115.67673264,-32.20224474
BUNDANOON,WA2724,115.49537982,-29.29731513
MOUNT HAMPTON,WA1918,118.99331958,-31.74297931
COWCOWING,WA1907,117.44546339,-31.00573895
SOUTH LAKE,WA3092,115.8408836,-32.1073152
BEENONG,WA2201,118.62351082,-33.03795379
KARLONING,WA2340,118.17160204,-30.63295705
WADDY FOREST,WA2388,116.20235291,-29.85712741
LAKE GRACE,WA2193,118.43003717,-33.09587107
WEDGECARRUP,WA2147,117.1904254,-33.41847413
NANGEENAN,WA2324,118.18258101,-31.51977863
JIGALONG,WA3398,120.79482056,-23.3536545
BIDDELIA,WA2451,115.73634515,-34.23797513
NORTHCLIFFE,WA2764,116.14118344,-34.63060109
RANFORD,WA3215,116.49215246,-32.79399653
NANGETTY,WA2366,115.41404274,-29.00906564
CHICHESTER,WA1835,118.02108456,-21.82483658
CONNOLLY,WA3351,115.75072381,-31.74852796
BAMBUN,WA2886,115.88985371,-31.42549531
WARDERING,WA2161,117.30777277,-32.83481228
MALYALLING,WA2613,117.59239633,-32.71902193
SOUTH TRAYNING,WA2302,117.79017103,-31.23479971
WINDABOUT,WA3267,121.90661777,-33.8199042
CENTENNIAL PARK,WA3013,117.87950426,-35.01184763
PALLINUP,WA2178,117.96767896,-33.91832724
TAPPING,WA3206,115.79562065,-31.7194565
BOUVARD,WA2500,115.64409782,-32.68860614
RANGEWAY,WA3250,114.63063662,-28.78651921
EAST NEWDEGATE,WA2207,119.27678424,-33.10732562
NALKAIN,WA2694,117.43163304,-31.07017823
ONGERUP,WA3218,118.48734088,-33.96455108
GILLIMANNING,WA2168,117.44891643,-32.66931717
WINTHROP,WA3110,115.82965665,-32.05220073
ASHBY,WA3353,115.79768309,-31.73254996
ORANGE SPRINGS,WA2532,115.62306104,-31.00456096
COOLGARDIE,WA2748,121.15347582,-30.94820003
NORTH STIRLINGS,WA2171,118.03852841,-34.19543399
SOUTH STIRLING,WA2441,118.25238889,-34.63456184
ORANGE GROVE,WA3224,116.02899455,-32.03866362
TALBOT WEST,WA2222,116.68897755,-32.1270338
HINES HILL,WA2323,118.06920299,-31.51813307
SOUTH YELBENI,WA2301,117.66936385,-31.26691645
CARANI,WA2282,116.46907311,-30.99757201
MURDOCH,WA3103,115.83757113,-32.06985732
POPANYINNING,WA2607,117.12610608,-32.65428323
DUDAWA,WA2360,115.75513059,-29.38975742
MEEKING,WA2581,116.63878486,-33.24857692
YANGEBUP,WA3090,115.81625106,-32.12070458
COMMODINE,WA2608,117.3061033,-32.76427787
YEAL,WA2072,115.76450061,-31.42424656
MIAMOON,WA2386,116.45424562,-30.15892316
ARDROSS,WA3109,115.83553265,-32.02711746
MOUNT NASURA,WA3358,116.02479964,-32.13761937
ORA BANDA,WA2012,121.02594902,-30.314234
BOSCABEL,WA2113,117.06661593,-33.68241743
HOPELAND,WA2509,115.88765771,-32.38156889
COODANUP,WA3054,115.75091456,-32.55923184
TAKALARUP,WA1877,118.12288329,-34.57241314
THE SPECTACLES,WA3074,115.83905537,-32.22036632
WHITEMAN,WA2873,115.93932509,-31.82561264
NORTH FREMANTLE,WA3097,115.74682783,-32.0374948
PARDOO,WA2032,119.80600422,-20.15665708
WANSBROUGH,WA2108,117.71554263,-34.16770667
PIAWANING,WA2280,116.39628878,-30.81181762
BURLONG,WA2644,116.60270439,-31.67078208
KALBARRI,WA2372,114.20244102,-27.683953
NORTH KUKERIN,WA2194,118.06038231,-33.10704067
EASTBROOK,WA2535,116.07841614,-34.39330293
SALMON GUMS,WA1794,121.62898707,-32.866759
ALMA,WA1941,114.6223726,-28.25242981
PETRUDOR,WA2743,116.97934222,-30.41576473
MARBLE BAR,WA1754,119.67966707,-21.15640847
ENEABBA,WA1773,115.25969368,-29.82414479
WICKHAM,WA2997,117.14428204,-20.6735668
OSMINGTON,WA2457,115.21838205,-33.91034664
WHITTAKER,WA2617,116.04467426,-32.55010642
RESERVOIR,WA2930,116.18231134,-31.99693144
WEST TOODYAY,WA2670,116.38713348,-31.53893032
MORANGUP,WA2226,116.32811968,-31.64044371
KANGAROO GULLY,WA2547,116.19997459,-33.95962291
DWARDA,WA2142,116.68715454,-32.76599728
WUNDOWIE,WA2954,116.37280294,-31.75486234
LAKE DARLOT,WA1809,121.45812568,-27.82937698
SPRINGS,WA2216,116.58578971,-32.53923819
KENMARE,WA2115,117.19139335,-33.57233567
MONJEBUP,WA2176,118.56743167,-34.26558817
SUNNYSIDE,WA2552,116.24914501,-34.0238932
YOUNDEGIN,WA2251,117.26507718,-31.79266787
BELMONT,WA3160,115.93127351,-31.94979793
KONDUT,WA1905,116.8175601,-30.70622704
MOOLIABEENEE,WA2673,116.06993226,-31.29814234
SERPENTINE,WA2618,116.0081807,-32.38550618
LAKE CLIFTON,WA2497,115.71796686,-32.84938446
MOUNT STIRLING,WA2255,117.51899041,-31.87316799
MILO,WA2358,115.18348887,-29.27449606
MENZIES,WA1729,121.13244751,-29.7103688
MOUNT CLARENCE,WA3014,117.90211302,-35.02514855
GLENDALOUGH,WA3388,115.81951624,-31.91987658
BANKSIA GROVE,WA3209,115.8054267,-31.69624597
WILYABRUP,WA2460,115.03647354,-33.77088404
NORTH TAMMIN,WA2297,117.49785719,-31.51544934
ARDATH,WA1910,118.11325497,-32.03818146
TRAYNING,WA3365,117.79214306,-31.11171096
SOUTH TAMMIN,WA2256,117.49121861,-31.72675025
CUBALLING,WA2160,117.16417954,-32.82422425
PRESTON SETTLEMENT,WA2572,116.14298001,-33.41772159
FAIRBRIDGE,WA2586,115.95047287,-32.5889386
SPENCERS BROOK,WA2641,116.63075083,-31.73373809
BRUNSWICK,WA2068,115.85330743,-33.22946647
MARRINUP,WA2904,116.01014519,-32.67259034
IRWIN,WA3259,115.06864432,-29.22343387
BOYANUP,WA2482,115.71491041,-33.48250416
BEAUMONT,WA2000,122.78971315,-33.38961936
SOUTH DOODLAKINE,WA2259,117.90726857,-31.67841444
COOLUP,WA2833,115.8696632,-32.75665426
BALGA,WA3177,115.83984617,-31.85481308
LOWER KING,WA3025,117.93955692,-34.94708717
WYNDHAM,WA2035,128.21373651,-15.60823955
MCALINDEN,WA2094,116.31575358,-33.61610715
BOLGART,WA2267,116.51690698,-31.24139299
BRUCE ROCK,WA1911,118.16868777,-31.84150098
NOGGERUP,WA2557,116.11751383,-33.60577793
GIBSON,WA2400,121.82545155,-33.62372988
GREENMOUNT,WA3230,116.05573331,-31.90274668
JELCOBINE,WA2220,116.71865425,-32.41259822
LOWER HOTHAM,WA2135,116.37809202,-32.93313829
OAKLEY,WA2839,115.93344873,-32.64982489
ROTTNEST ISLAND,WA2861,115.5123506,-32.00619073
MARDELLA,WA2211,115.93318571,-32.32279868
YABBERUP,WA2568,116.03009792,-33.51954364
ELGIN,WA2480,115.63342552,-33.5382543
COLLIE,WA2574,116.14844219,-33.36012568
BROADWOOD,WA2978,121.45893567,-30.79201877
BURMA ROAD,WA2364,115.04270407,-28.96963646
LAKE MUIR,WA1861,116.56612429,-34.50113811
BULL CREEK,WA3102,115.86247071,-32.05623038
LORT RIVER,WA1993,121.3847113,-33.33491208
CANNA,WA1976,115.88440496,-28.88784281
WATERLOO,WA2822,115.76254954,-33.32803972
FORTESCUE,WA1747,116.54624678,-21.62359072
SOUTH YILGARN,WA2322,119.29112986,-31.77949116
KALOORUP,WA2459,115.20821477,-33.78280346
KOOKYNIE,WA1807,122.10189482,-29.63771352
DALYUP,WA1988,121.58137214,-33.69335506
OLD PLAINS,WA2275,116.34846482,-31.12283286
TARDUN,WA1977,115.78342536,-28.75156986
MULLALYUP,WA2091,115.94287448,-33.75377112
BURRAN ROCK,WA2699,118.01232057,-31.26607359
MARRACOONDA,WA2563,117.45939229,-33.66677808
MOUNT COOKE,WA1898,116.35192986,-32.37709369
GRASS PATCH,WA1793,121.78808398,-33.23038121
DARDADINE,WA2582,116.77090649,-33.2326905
MULATAGA,WA2996,116.8774762,-20.73937534
WANNAMAL,WA2674,116.14334668,-31.1622536
MONJINGUP,WA2399,121.76837677,-33.78884179
BORNHOLM,WA2767,117.57518485,-35.05506219
NORTHERN GULLY,WA2720,114.92284149,-28.66672918
BINDI BINDI,WA1902,116.41560574,-30.61728555
NUNIERRA,WA1945,115.60507235,-28.16236558
MOUNT NEY,WA1997,122.33057545,-33.33867465
WATHEROO,WA1958,116.11547924,-30.26794705
SABINA RIVER,WA2797,115.42717131,-33.74658719
PUMPHREYS BRIDGE,WA2145,116.89483037,-32.69621038
YALLINGUP SIDING,WA2789,115.10155078,-33.69779862
WAROONA,WA1871,115.879952,-32.83300039
CARLISLE,WA3150,115.91811421,-31.97942641
HOWICK,WA1998,122.8591601,-33.68954036
DARDANUP,WA3050,115.77458187,-33.40481927
NORTH BAANDEE,WA2326,117.91608776,-31.39647604
ELLEKER,WA2435,117.72397973,-35.02239784
KULIKUP,WA2101,116.69464632,-33.77879962
WIALKI,WA1979,118.08755803,-30.42174511
CAMILLO,WA3223,116.00204952,-32.11294699
KRONKUP,WA2433,117.61502606,-35.03758227
CONTINE,WA2601,117.02227707,-32.82652415
KARRAKUP,WA2619,116.06843666,-32.25379469
JENNACUBBINE,WA2684,116.71966848,-31.4640253
HILLSIDE,WA2603,117.20728379,-32.9000725
GREENWOOD,WA3174,115.80277945,-31.82721968
ELLENDALE,WA2726,114.99718431,-28.8822185
NUKARNI,WA2329,118.21837218,-31.30651811
WANDINA,WA3246,114.63494794,-28.8191509
BOVELL,WA2798,115.36097752,-33.68011871
SOUTH PLANTATIONS,WA2989,113.74451298,-24.84687928
ASHFIELD,WA3337,115.9380856,-31.91734432
LAKE NINAN,WA2284,116.6344819,-30.93670015
MOUNT HARDEY,WA2636,116.86112725,-31.91835542
MEADOW SPRINGS,WA3060,115.75386833,-32.49671836
EURARDY,WA1948,114.7166015,-27.43780058
KARRANADGIN,WA2270,116.71833887,-31.22549686
JANE BROOK,WA3236,116.06251444,-31.85877671
HEATHRIDGE,WA3182,115.7603339,-31.76320767
GWELUP,WA3168,115.79484571,-31.87144798
HERNE HILL,WA3234,116.03137696,-31.83012918
KONNONGORRING,WA2283,116.77120671,-31.04765058
BAYNTON,WA3280,116.80150829,-20.75177619
CALISTA,WA3068,115.80294804,-32.24644699
BRIGADOON,WA2949,116.07249551,-31.77253946
PARKLANDS,WA3061,115.77326754,-32.49525924
MUNGALUP,WA2571,116.06577505,-33.39625783
SOUTH GUILDFORD,WA3164,115.97561076,-31.91165747
SPEARWOOD,WA3087,115.78380224,-32.10428029
ORCHID VALLEY,WA2096,116.8349992,-34.00239692
DAYTON,WA3391,115.97403828,-31.85453359
MALAGA,WA3193,115.89434562,-31.85854608
COONABIDGEE,WA2523,115.84861308,-31.36543884
NARRA TARRA,WA2718,114.75717119,-28.65256557
GOSNELLS,WA2916,115.99277146,-32.08314629
KWINANA TOWN CENTRE,WA3298,115.81459169,-32.24797936
PORT KENNEDY,WA2843,115.75381357,-32.3722153
GREY,WA3354,115.13880295,-30.66168718
ELLENBROOK,WA2880,115.97770234,-31.76786526
EAST CANNINGTON,WA3153,115.95885364,-32.00901385
REDCLIFFE,WA3159,115.9465004,-31.93845761
FORRESTANIA,WA1796,119.71148691,-32.43469353
BEECHBORO,WA3194,115.93824634,-31.86824964
OSBORNE PARK,WA3139,115.81686196,-31.90476226
ALEXANDER HEIGHTS,WA3190,115.86507944,-31.82757515
REGANS FORD,WA2078,115.75118589,-30.95282461
SEVILLE GROVE,WA3222,115.98938824,-32.13627085
GUILDERTON,WA3210,115.51256379,-31.34034153
PARMELIA,WA3070,115.82747383,-32.24670203
BALBARRUP,WA2543,116.23584358,-34.20411587
DALIAK,WA2634,116.71711873,-31.87039989
WONTHELLA,WA3248,114.63334597,-28.7668639
STRATTON,WA3233,116.04183003,-31.86792556
RIVERVALE,WA3149,115.91596181,-31.96051661
WALYORMOURING,WA2271,116.87920583,-31.16820159
MIDDLE SWAN,WA2936,116.0199634,-31.85894178
HYDEN,WA1771,119.12087451,-32.41972007
NARNGULU,WA2964,114.68212788,-28.8217066
MERU,WA3252,114.68618798,-28.80247455
GOOSEBERRY HILL,WA3229,116.04898475,-31.94720078
THE LAKES,WA2628,116.34249392,-31.89175475
METRICUP,WA2461,115.12962113,-33.78767101
MIDLAND,WA3227,116.01053195,-31.88952772
CARNARVON,WA3277,113.67110092,-24.88228437
SMITH BROOK,WA2890,116.19848004,-34.36923098
REDGATE,WA2782,115.02448879,-34.01980094
KENSINGTON,WA3145,115.88424457,-31.98576545
GELORUP,WA2814,115.64270172,-33.42762148
HAMELIN BAY,WA2779,115.04812887,-34.23096597
PARKWOOD,WA3119,115.91499544,-32.04776988
COTTESLOE,WA3126,115.75808763,-31.99438787
BALLAJURA,WA3192,115.8960196,-31.83999196
NAMBUNG,WA2353,115.21247119,-30.5187649
LEINSTER,WA1808,120.63924923,-28.0837753
BORANUP,WA2446,115.04610478,-34.12425905
REDBANK,WA3001,118.61160508,-20.33754509
WONGAN HILLS,WA2287,116.69427429,-30.83346185
CORAL BAY,WA3383,113.77368636,-23.14374728
CAPE BURNEY,WA2962,114.64859331,-28.86750302
RAVENSWOOD,WA2507,115.85803868,-32.57281014
UPPER CAPEL,WA2475,115.80424957,-33.66557748
INGLEWOOD,WA3157,115.87988797,-31.91661176
KIARA,WA3389,115.93897598,-31.88158462
WANDILLUP,WA2089,116.05512675,-34.04479498
ALLANSON,WA2573,116.08780697,-33.32573716
KALANNIE,WA2390,117.1829321,-30.29659882
LYNDON,WA1738,114.51115928,-23.32692865
PERTH,WA2863,115.85824625,-31.95393279
MELALEUCA,WA2514,115.91980849,-31.71532041
ROEBOURNE,WA2412,117.17821895,-20.75398866
MARANGAROO,WA3176,115.83757235,-31.82761989
LATHLAIN,WA3334,115.90636618,-31.96752646
LANDSDALE,WA2871,115.86241567,-31.80760754
WELD RANGE,WA1784,117.58314396,-27.06396008
MORESBY,WA2967,114.67240495,-28.73525424
WELLESLEY,WA2489,115.76244131,-33.19070324
BALLADONG,WA2955,116.74436706,-31.92971623
STRATHAM,WA2481,115.5972058,-33.46939158
EAST AUGUSTA,WA3026,115.17511636,-34.31186155
MOUNT MAGNET,WA2397,117.86958288,-28.06707696
GREYS PLAIN,WA3278,113.69339922,-24.88712021
BEACHLANDS,WA3369,114.60183955,-28.78612916
KEWDALE,WA2864,115.95177951,-31.97884272
LEDA,WA2850,115.79931868,-32.26758783
ARMADALE,WA3220,116.00691089,-32.15111583
BROOKDALE,WA3357,116.00197388,-32.16697447
GWAMBYGINE,WA2633,116.77948676,-31.9704473
OLDBURY,WA2512,115.91835183,-32.26570271
HUNTINGDALE,WA3115,115.96616069,-32.08311514
KALAMUNDA,WA2924,116.05474343,-31.97597041
MOKUP,WA2105,116.87900073,-33.61501761
TARCOOLA BEACH,WA3245,114.62163108,-28.80942304
SUNSET BEACH,WA3374,114.62287832,-28.71918604
WELLINGTON MILL,WA2819,115.91101166,-33.4628102
BUSSELTON,WA3034,115.34983868,-33.65523544
BEDFORD,WA3336,115.89169208,-31.90947274
EDEN HILL,WA3162,115.94725961,-31.89095816
DALYELLUP,WA2813,115.6147589,-33.40842333
COLD HARBOUR,WA2635,116.83530622,-31.87371899
MOCARDY,WA1904,116.88702779,-30.87403064
STOVE HILL,WA2994,116.82776131,-20.7755675
HOCKING,WA3348,115.81832968,-31.77010762
JINGALUP,WA2110,117.04353516,-33.98091941
COOGEE,WA3086,115.76534746,-32.12233742
MIDVALE,WA3232,116.02953006,-31.88520283
YATHROO,WA2080,115.77519476,-30.83205384
NORTH YUNDERUP,WA2836,115.79232036,-32.57410893
TJIRRKARLI,,125.36121565,-25.96612911
FURNISSDALE,WA3055,115.77335286,-32.5601603
GNOOREA,WA2992,116.3983265,-20.83930465
PANNAWONICA,WA2991,116.33568075,-21.63483855
DENHAM,WA2753,113.54380811,-25.92624921
JANDABUP,WA2879,115.85695841,-31.73905804
HALLS CREEK,WA3008,127.67319922,-18.22447723
DAWESVILLE,WA2830,115.63859139,-32.6324537
MOUNT RICHON,WA3221,116.02106816,-32.16381839
NAREMBEEN,WA3366,118.39488172,-32.06249535
MCBEATH,WA3386,127.68674071,-18.24287875
PRESTON BEACH,WA2495,115.66919986,-32.86765282
HILTON,WA3306,115.78575364,-32.06803534
EAST FREMANTLE,WA3099,115.76774237,-32.03668195
NAPIER,WA2052,117.97604559,-34.78392174
KOOJAN,WA2278,116.07316016,-30.80770039
BULLARING,WA2242,117.73924195,-32.51001698
WEST PERTH,WA1705,115.84548381,-31.94627453
WADDERIN,WA1913,118.45285829,-32.01085556
GIBB,WA1762,126.55162117,-16.26364015
MUCKENBURRA,WA2522,115.76764714,-31.33043563
MOUNT ANKETELL,WA2411,117.00178286,-20.71595159
MYARA,WA2906,116.05615811,-32.48536788
WELLSTEAD,WA2174,118.69937895,-34.50930039
REDMOND,WA2047,117.69131538,-34.88388555
NARRIKUP,WA1854,117.71221965,-34.77388865
WEST LYONS RIVER,WA1742,116.0524349,-24.27355262
UPPER SWAN,WA2950,116.0407328,-31.76384931
CROOKED BROOK,WA2483,115.79656268,-33.47002996
MADDINGTON,WA2918,115.99581605,-32.0476278
DARDANUP WEST,WA2820,115.72555553,-33.39323933
NARROGIN,WA2905,117.17198285,-32.93650978
ROEBUCK,WA1757,122.61536588,-18.02820153
WONNERUP,WA2802,115.43724403,-33.61300219
SALTER POINT,WA3117,115.86581762,-32.02366167
PARRYVILLE,WA2426,117.10569582,-35.00669548
ATTADALE,WA3105,115.80235601,-32.02533247
COLLINS,WA2081,116.10848575,-34.45466296
EAST YUNA,WA2377,115.19001333,-28.39745958
WINNEJUP,WA2090,116.29123444,-33.95453955
SOMERVILLE,WA2979,121.45487845,-30.7693955
HESTER BROOK,WA2550,116.08936924,-33.92658093
FALCON,WA2831,115.66521378,-32.58434362
HILBERT,WA2912,115.97861135,-32.17450018
THE VINES,WA3239,116.00502325,-31.75892925
KIRUP,WA2092,115.92688163,-33.70612064
MILPARA,WA3021,117.86544622,-34.98735016
WEST SWAN,WA2937,115.99076998,-31.84566357
MOUNT ADAMS,WA1936,115.10444409,-29.37288506
EAST NANNUP,WA2470,115.85471769,-34.02991766
CARRAMAR,WA3208,115.78300259,-31.69966218
HAMMOND PARK,WA3299,115.84664957,-32.17132207
MARANUP,WA2545,116.01081665,-33.95623322
DUNSBOROUGH,WA2793,115.09395808,-33.60821855
WURAMING,WA2137,116.25348085,-32.83525184
PICTON EAST,WA3045,115.71802692,-33.34725589
JOONDANNA,WA3331,115.83729022,-31.9100742
MOUNT LAWLEY,WA3155,115.87461765,-31.93008814
SHOALWATER,WA3059,115.70942419,-32.2950722
MULUCKINE,WA2649,116.71029395,-31.67654309
HAZELVALE,WA2423,116.82198409,-34.92015125
BULLER,WA3258,114.62063774,-28.65135221
BOOKARA,WA2707,114.90449321,-29.09417552
JARRAHDALE,WA2212,116.14338619,-32.35665703
PICKERING BROOK,WA2214,116.19472223,-32.04949316
STIRLING ESTATE,WA2478,115.53704508,-33.51712076
BEACON,WA2392,117.86616295,-30.4300832
PARADISE,WA2821,115.76399612,-33.37434299
SOUTH KUNUNOPPIN,WA2327,117.91795169,-31.22102223
TAMALA,WA1815,113.82564254,-26.86926893
BUCKINGHAM,WA2578,116.34129508,-33.35100875
SAFETY BAY,WA3057,115.73040471,-32.30452916
THROSSELL,WA2235,116.82291479,-31.70928601
LOWER CHITTERING,WA2668,116.09323727,-31.55552783
WOODBRIDGE,WA3360,115.99337296,-31.89089638
FLINT,WA2219,116.45169437,-32.2081456
DAVENPORT,WA2816,115.68519795,-33.37392177
WILLYUNG,WA2438,117.84818156,-34.94200157
FORRESTDALE,WA2857,115.934208,-32.15517802
MOUNT PLEASANT,WA3108,115.8489568,-32.02819878
HITHERGREEN,WA2803,115.49168067,-33.72153765
ARROWSMITH,WA1934,115.10974463,-29.55909763
WATTENING,WA2266,116.48427154,-31.32059894
YORK,WA2956,116.77743871,-31.87379681
YEALERING,WA2169,117.6105371,-32.62266097
BUCKLAND,WA2677,116.62590672,-31.53823834
CARRARANG,WA1813,113.40199374,-26.32984063
MUCHEA,WA2260,115.92820163,-31.5571528
HILLARYS,WA3180,115.74357937,-31.80892547
BALLIDU,WA3240,116.76727215,-30.60310511
EAST BALLIDU,WA1967,116.90409571,-30.56050372
MARRADONG,WA2138,116.47772165,-32.89934303
BODALLIN,WA1925,118.88779755,-31.35174892
PEPPERMINT GROVE,WA3315,115.7671617,-31.99929923
ASHENDON,WA2213,116.18777728,-32.21183811
BELHUS,WA3237,116.0095544,-31.78153618
WILLIAMS,WA1769,116.73100812,-33.05793132
ROCKINGHAM,WA2846,115.73901148,-32.28223679
SANDPATCH,WA2424,117.7863177,-35.0484144
WESTDALE,WA2218,116.59727352,-32.30471804
MAITLAND,WA1830,116.69282812,-21.04173499
MYALUP,WA2069,115.72269117,-33.02192201
TINGLEDALE,WA2765,116.8800337,-34.96278453
MOLLERIN,WA1970,117.50257254,-30.39798307
CLEARY,WA2391,117.68349371,-30.38967862
AMBANIA,WA1943,115.14292135,-28.68639979
BEELERUP,WA2811,115.85900413,-33.54565093
LAKE AUSTIN,WA1786,117.99382308,-27.56444312
ISSEKA,WA3263,114.64854674,-28.44029608
MARDIE,WA1702,116.14256834,-21.18033663
HELENA VALLEY,WA2926,116.03957444,-31.91920499
AVELEY,WA3238,115.98925859,-31.78155482
JIBBERDING,WA1971,116.93927451,-29.93613331
BOWES,WA2369,114.59431159,-28.45326924
CARBLA,WA2019,114.40003809,-26.18875081
SOUTH KUMMININ,WA1914,118.46312213,-32.19529961
STURT CREEK,WA1765,127.88333427,-19.21337653
JINDONG,WA2794,115.24611162,-33.73530424
COOMALBIDGUP,WA1987,121.25633593,-33.71214271
CLAREMONT,WA3316,115.78212514,-31.98108605
HERDSMAN,WA3138,115.8055287,-31.92007795
SINAGRA,WA3207,115.80644787,-31.74228119
EAST ROCKINGHAM,WA2849,115.76978611,-32.26239075
COOLBINIA,WA3328,115.85386344,-31.91384836
ROSSMOYNE,WA3310,115.86792825,-32.03959155
LEEMING,WA3113,115.86728387,-32.07576403
THOMSON BROOK,WA2555,115.97274638,-33.620618
BONNIEFIELD,WA2706,114.93742417,-29.20277863
NIRIMBA,WA2503,115.74953976,-32.65588994
YALLINGUP,WA2462,115.03673803,-33.68699895
MUELLER RANGES,WA1759,126.7426339,-18.4065462
EATON,WA3049,115.71675135,-33.31228147
BOORARA BROOK,WA2039,116.20840208,-34.67148313
PORT HEDLAND,WA2763,118.64239576,-20.34189423
VITTORIA,WA2817,115.67531789,-33.3197612
WANNANUP,WA3051,115.64953297,-32.60148564
HARRISDALE,WA3114,115.93239669,-32.11751775
BROCKMAN,WA3381,113.65139632,-24.87904986
BRAMLEY,WA2783,115.10987618,-33.9155341
GLEN MERVYN,WA2569,116.07130653,-33.52611324
YEAGARUP,WA1859,115.84886804,-34.50687461
WESTONIA,WA2702,118.70594852,-31.23913029
WARRENUP,WA2776,117.86514884,-34.97175311
COOYA POOYA,WA2027,117.07193317,-20.96594008
CARINE,WA3170,115.78247226,-31.85209839
KARRINYUP,WA3167,115.77689929,-31.87220193
CANNING VALE,WA2859,115.91689257,-32.08136378
SCOTSDALE,WA2042,117.28378024,-34.90565994
YOGANUP,WA1857,115.61812719,-33.74691043
CRANBROOK,WA1869,117.48365053,-34.24894613
FLOREAT,WA3133,115.79174265,-31.93917615
CAPE RANGE NATIONAL PARK,WA2024,113.92997285,-22.13799061
CROWEA,WA1860,116.17299816,-34.5360319
GIBSON DESERT SOUTH,WA1718,125.99243044,-24.93339247
TUART HILL,WA3332,115.83504427,-31.8979809
OAKAJEE,WA2970,114.60890245,-28.59788973
BARROW ISLAND,WA1704,115.39772596,-20.79277669
WALPOLE,WA2421,116.76022268,-34.97718899
WONGAMINE,WA2678,116.61776642,-31.4709373
MENORA,WA3327,115.86221132,-31.91881275
NORTH BOYANUP,WA2815,115.68707334,-33.4276423
CAVERSHAM,WA2935,115.97545573,-31.87558576
BUSHMEAD,WA3396,116.02996377,-31.9282013
WITCHCLIFFE,WA2453,115.112214,-34.01396144
TORBAY,WA2434,117.64836768,-34.9823896
NAVAL BASE,WA3075,115.78155712,-32.19520071
TENTERDEN,WA1868,117.43602042,-34.39589743
WANDANA,WA2379,115.29954785,-28.17961746
MUNDRABILLA,WA1812,127.72695311,-31.62890277
QUELAGETTING,WA2693,117.08620704,-31.4601963
LEEUWIN,WA2442,115.13135638,-34.33942706
COOLCALALAYA,WA1952,115.07620507,-27.65421849
GAIRDNER,WA1881,119.0125307,-34.21041194
SOUTHAMPTON,WA2548,115.94746226,-33.86785304
DUMBARTON,WA2643,116.5355219,-31.56115244
WARWICK,WA3175,115.80870011,-31.83964892
BODDINGTON,WA2139,116.4607571,-32.81373485
TREEBY,WA3395,115.8925087,-32.12080256
PARKFIELD,WA2824,115.71530708,-33.18411826
NORTH PLANTATIONS,WA2755,113.72448083,-24.83530295
GNOWANGERUP,WA3217,118.00369851,-33.93809569
COBURN,WA1950,114.33348683,-26.74744548
HAYNES,WA3085,115.97507201,-32.15509759
ULARRING,WA1728,119.89711056,-29.38685049
LAKELANDS,WA3063,115.77236283,-32.46873328
ROELANDS,WA2067,115.86636108,-33.29432518
QUELLINGTON,WA2647,116.82797951,-31.78723297
SUBIACO,WA3131,115.82446326,-31.94869119
O'CONNOR,WA3096,115.7923819,-32.05957171
DINGUP,WA2542,116.24690125,-34.2770837
YOTING,WA2666,117.56840398,-31.98904621
MOUNT ELPHINSTONE,WA3287,117.85356899,-35.01974883
CANE,WA1828,115.87642774,-22.14420922
HAMERSLEY,WA3173,115.81252561,-31.85096144
BASKERVILLE,WA2940,116.04909238,-31.79765364
YARRAGADEE,WA2361,115.40644294,-29.11955212
DARKAN,WA2132,116.74602132,-33.34632776
BEADELL,WA1715,127.52692729,-27.94346723
BAYONET HEAD,WA3023,117.9344788,-34.97345456
WEST RIVER,WA1888,119.62970923,-33.57516641
LEONORA,WA1730,121.45710347,-28.8434552
GREENBUSHES,WA2549,116.03885106,-33.85907151
PANTAPIN,WA2252,117.64924694,-31.97423788
EAST BEVERLEY,WA2247,117.07329083,-32.0352475
DUDLEY PARK,WA2834,115.72724329,-32.55833758
BROOME,WA3004,122.23586131,-17.96141996
RINGBARK,WA2894,116.11505135,-34.21077682
JALBARRAGUP,WA2469,115.61728639,-34.00850267
SCHROEDER,WA1856,115.36551852,-34.02776747
CARLOTTA,WA2061,115.79963102,-34.12631829
BELLEVUE,WA3228,116.0271293,-31.90132361
PEPPERMINT GROVE BEACH,WA3036,115.50978201,-33.52429941
MOORINE ROCK,WA2348,119.15185631,-31.35650363
MOKINE,WA2640,116.57438489,-31.748908
WALYUNGA NATIONAL PARK,WA2951,116.07644333,-31.72187617
PORONGURUP,WA2439,117.87949504,-34.6633198
BENJINUP,WA2093,116.29116681,-33.79832737
CAREY PARK,WA3042,115.65306916,-33.35476253
OCEAN BEACH,WA2428,117.30278613,-35.00478719
BICKLEY,WA2929,116.10216426,-32.0011781
PEAK HILL,WA1744,118.28811052,-25.28747845
HODDYS WELL,WA2642,116.45846086,-31.64572258
WEST END,WA3244,114.58861803,-28.77929622
BROKE,WA1849,116.44133209,-34.92241831
HARRIS RIVER,WA2579,116.13880006,-33.24873452
KARAKIN,WA2527,115.46577446,-31.05768107
KULJA,WA1969,117.32411104,-30.386828
COSMO NEWBERY,WA1733,123.50953058,-28.10283335
DAMPIER ARCHIPELAGO,WA1838,116.63720985,-20.57738651
GIDGEGANNUP,WA2225,116.18784245,-31.75423322
SOUTH YUNDERUP,WA2505,115.77989377,-32.59825261
DINNINUP,WA2099,116.51374592,-33.74192425
TANAMI,WA1764,127.66753374,-20.44217867
DAMPIER,WA2993,116.7138194,-20.67128296
BICTON,WA3098,115.78589583,-32.02650905
GOODLANDS,WA1779,117.28794027,-29.99285853
DONNELLY RIVER,WA2540,115.95282053,-34.08946831
KINGS PARK,WA1706,115.83146477,-31.9625312
PINK LAKE,WA2745,121.81406342,-33.84621474
MINNENOOKA,WA2713,114.87034055,-28.84995676
CORRIGIN,WA2315,117.88983569,-32.33562821
REINSCOURT,WA2799,115.39047451,-33.65002584
CHAPMAN HILL,WA2466,115.32346144,-33.78653974
WEST PINJARRA,WA2504,115.80333207,-32.66661575
KARRATHA,WA3390,116.84581425,-20.73533652
YELLOWDINE,WA2005,119.81165856,-31.06556851
HOVEA,WA2942,116.0975594,-31.87499716
AUGUSTA,WA2443,115.14257394,-34.30360879
BADGINGARRA,WA1929,115.59552035,-30.42487412
EXMOUTH GULF,WA1825,114.25136066,-22.60302294
SANDY GULLY,WA2370,114.49214234,-28.34057979
RUABON,WA2471,115.48352528,-33.65047677
LAKE WELLS,WA1713,123.37962087,-27.17671916
KUNJIN,WA2245,117.70328805,-32.36281266
BADGIN,WA2658,116.99882747,-31.80648621
DJUGUN,WA3005,122.23519381,-17.93930606
MEENAAR,WA2652,116.90284857,-31.65429535
BAILUP,WA2953,116.30988084,-31.7391145
ASCOT,WA3161,115.9293997,-31.93411221
TORNDIRRUP,WA2049,117.89483456,-35.08986254
BANDYA,WA1810,122.15831988,-27.87673486
DEANMILL,WA2891,116.08557167,-34.25319124
MURDONG,WA2121,117.55973829,-33.75652032
CHANNYBEARUP,WA2534,115.97480803,-34.40637749
BINDOON,WA2263,116.13052084,-31.34088977
DARLING DOWNS,WA2911,115.99011856,-32.19485252
WATTLE GROVE,WA3225,115.99998471,-32.00777578
MAIDA VALE,WA2923,116.02295298,-31.95634923
GRACETOWN,WA2784,115.00957882,-33.86069549
ROCKY GULLY,WA1864,116.98410548,-34.59204665
NAMBEELUP,WA2508,115.86747863,-32.50595335
YARDARINO,WA2357,115.02605886,-29.23077504
FORRESTFIELD,WA2920,116.00739693,-31.9838151
SHANNON,WA1850,116.39343212,-34.73209078
NEERABUP,WA2515,115.76904556,-31.68418917
NORTH WEST CAPE,WA2409,114.07672401,-21.91645353
HENDERSON,WA3076,115.77893676,-32.15854752
JERRAMUNGUP,WA1882,119.02472819,-33.97135997
WILUNA,WA1748,120.59012167,-26.46044346
MACLEOD,WA1820,113.7155367,-24.2087401
LOWDEN,WA2567,115.9649004,-33.53423877
MINNIVALE,WA2304,117.17792492,-31.05617429
WARDING EAST,WA2248,117.06829757,-31.73072821
ERSKINE,WA3052,115.69934878,-32.56184562
COPLEY,WA2232,116.47416028,-31.79527204
UCARTY,WA2292,117.02819163,-31.32339635
NORANDA,WA3189,115.89898437,-31.87331146
KUMARINA,WA1750,119.57809007,-25.07222731
PINJARRA,WA2838,115.8771229,-32.617216
ROLEYSTONE,WA2622,116.0848685,-32.12266176
KAMBALDA WEST,WA2404,121.57956776,-31.19514422
KUDARDUP,WA2445,115.15944441,-34.24720364
MUMBALLUP,WA2570,116.12624269,-33.5243879
WELLINGTON FOREST,WA2126,115.94739171,-33.43388157
BURNSIDE,WA2454,115.03607133,-33.92200099
BOODARIE,WA2417,118.52040362,-20.4948894
BULGARRA,WA3283,116.85677847,-20.7257891
TREETON,WA2458,115.22670873,-33.85402122
DERBY,WA2419,123.71776415,-17.37854301
NEWCARLBEON,WA1968,117.36679249,-30.64835317
EIGHTY MILE BEACH,WA1755,121.30861261,-19.55764645
MOUNT ROMANCE,WA1853,117.12837064,-34.81491874
GAP RIDGE,WA2758,116.79620729,-20.73064105
WILBINGA,WA2520,115.61556537,-31.40497342
HOWATHARRA,WA2732,114.64437496,-28.5367949
YALLABATHARRA,WA1940,114.32041131,-28.08450515
NORNALUP,WA2040,116.83036114,-35.01193115
WEDGE ISLAND,WA2075,115.25455575,-30.80296155
JURIEN BAY,WA2354,115.10090248,-30.2817654
DOODENANNING,WA2249,117.18855437,-31.86281246
MARYBROOK,WA2791,115.20043951,-33.67117254
CLACKLINE,WA2639,116.52446038,-31.70931996
ABBA RIVER,WA2804,115.48828966,-33.6833463
ST RONANS,WA2631,116.64560382,-31.89971894
BERTRAM,WA3069,115.84513718,-32.24463952
EAST LYONS RIVER,WA1824,117.27161311,-24.30703782
SOUTHERN CROSS,WA2349,119.34822014,-31.25308555
GASCOYNE RIVER,WA1741,116.20368906,-25.24002783
JUNA DOWNS,WA1834,118.764381,-22.67708567
NUNILE,WA2676,116.53739773,-31.48361721
NORPA,WA2697,118.39326529,-31.58132237
MANYPEAKS,WA2053,118.18125981,-34.83448381
KWINANA BEACH,WA2851,115.77609624,-32.22911581
GRANVILLE,WA2524,115.85248557,-31.30833369
WATERCARRIN,WA2291,117.24578311,-31.44125421
TALANDJI,WA1827,114.99123442,-22.07235555
HOLYOAKE,WA2587,116.10142953,-32.70280899
TWO ROCKS,WA2518,115.61630683,-31.4855578
TELFER,WA1719,123.26511055,-21.20957495
WEST COOLUP,WA2501,115.77788485,-32.75987872
GREEN RANGE,WA2055,118.40892794,-34.68749221
WARRALAKIN,WA2343,118.58844671,-30.96216889
TALGOMINE,WA2331,118.26572489,-31.18585102
HANNANS,WA3272,121.45479008,-30.71922804
MERKANOOKA,WA2363,115.8260111,-29.18385628
NULSEN,WA3265,121.87503442,-33.85162466
WARRACHUPPIN,WA2344,118.72797147,-30.99414351
NUNGARIN,WA2330,118.15635885,-31.10948945
HAZELMERE,WA2922,116.00538696,-31.91267716
MARIGINIUP,WA2516,115.84323193,-31.71104888
AMBERGATE,WA2795,115.31801819,-33.71195017
VASSE,WA2467,115.26780669,-33.69337873
HOFFMAN,WA2133,116.07630678,-33.02474232
GLENORAN,WA2084,115.94325656,-34.25597465
GINGINUP,WA2529,115.91755134,-31.29322929
COOLJARLOO,WA1858,115.37339194,-30.66839577
ERADU,WA2974,115.05890054,-28.67435889
HORROCKS,WA3261,114.42965295,-28.37782708
HIGHBURY,WA1875,117.21318263,-33.08641405
KWOLYIN,WA2253,117.73327947,-31.98860124
HAMILTON HILL,WA3088,115.7794941,-32.08450867
DEWARS POOL,WA2671,116.36701773,-31.39705947
NERIDUP,WA1995,122.20376489,-33.61908347
DIAMOND TREE,WA2536,116.1127933,-34.34685691
WOODRIDGE,WA2885,115.59627903,-31.33373618
MERIVALE,WA2402,122.17286395,-33.82491166
CODJATOTINE,WA2144,116.81967904,-32.69247615
WOMARDEN,WA1973,115.86891967,-29.48231087
QUEENS PARK,WA3152,115.94621477,-32.00296432
LUDLOW,WA2805,115.50412107,-33.60866209
WAEEL,WA2664,117.13675501,-31.6083844
BALLAYING,WA2156,117.5943094,-33.32075471
CASTLETOWN,WA3266,121.90827413,-33.83300124
CHAMPION LAKES,WA2914,115.98633311,-32.11896102
PIESSEVILLE,WA2150,117.22925846,-33.19248892
UPPER MURRAY,WA2134,116.28711154,-32.98913238
FITZROY CROSSING,WA3007,125.56882166,-18.18319841
EAST BOWES,WA2736,114.72859401,-28.35049998
BONNIE ROCK,WA1981,118.38798639,-30.44120796
CROSSMAN,WA2141,116.59903192,-32.82180449
WOOROLOO,WA2948,116.3206908,-31.80420807
GRASS VALLEY,WA2650,116.81608907,-31.63924411
WAGGRAKINE,WA2969,114.65982785,-28.69111143
ELACHBUTTING,WA1980,118.61641294,-30.60370728
BENCUBBIN,WA2311,117.85808936,-30.77854842
WARAWARRUP,WA2826,115.91123672,-33.04654624
WAGERUP,WA1870,115.90993224,-32.90743898
PINGRUP,WA1770,118.78706418,-33.5461218
DONGARA,WA3243,114.93005185,-29.24172389
BEACONSFIELD,WA3301,115.76859577,-32.0693732
DAADENNING CREEK,WA2257,117.82046317,-31.77340632
GABBADAH,WA2525,115.50585047,-31.29208478
JOLIMONT,WA3320,115.80928176,-31.94585001
BANNISTER,WA2140,116.44602706,-32.67947238
HARVEY,WA2494,115.91527291,-33.07865059
LAMINGTON,WA3380,121.46158031,-30.73448094
MYRUP,WA2401,121.96202749,-33.76423588
LEDGE POINT,WA2884,115.39182659,-31.10109525
NORTH ERADU,WA2375,115.10806378,-28.56520559
SOUTH YUNA,WA2740,115.01707461,-28.36548364
HOPE VALLEY,WA3077,115.81173546,-32.19696392
GEOGRAPHE,WA2800,115.38413076,-33.63938465
STONEVILLE,WA2944,116.16526117,-31.85860615
WOKALUP,WA2492,115.84050267,-33.1261439
BENGER,WA2493,115.846918,-33.18063966
MARRAH,WA2739,114.96659195,-28.43412251
NICKOL,WA3281,116.80269567,-20.73952788
YANCHEP,WA2070,115.73814637,-31.52557845
WEST LAMINGTON,WA3270,121.45035922,-30.75075447
BULLOCK HILLS,WA2155,117.69648245,-33.4053297
BLUFF POINT,WA3373,114.62230243,-28.73702216
PAULLS VALLEY,WA2931,116.12403885,-31.95795659
MARCHAGEE,WA1960,116.15863361,-30.01920206
BAYSWATER,WA2866,115.91788349,-31.91737376
CHADWICK,WA3264,121.88337151,-33.83761876
QUINNS ROCKS,WA3201,115.69735794,-31.6651546
ST JAMES,WA3333,115.91043017,-32.00001176
WARNBRO,WA2844,115.76807993,-32.33777196
WANERIE,WA2526,115.59452819,-31.20991465
KAURING,WA2657,117.02530157,-31.94405779
MARGARET RIVER,WA2452,115.05541246,-33.96883663
PAYNES FIND,WA1722,117.50614075,-29.14732406
WALKAWAY,WA2712,114.8532145,-28.94645171
MILLARS WELL,WA3384,116.81757809,-20.73468856
BROWN RANGE,WA2987,113.71817609,-24.89317686
WUNGONG,WA2913,116.01294884,-32.18309833
HACKETTS GULLY,WA2928,116.11744049,-31.98291323
FERGUSON,WA2486,115.85097571,-33.43940263
COLLEGE GROVE,WA3038,115.65897976,-33.37588648
LUMEAH,WA2111,117.25877325,-34.00559772
KOJONUP,WA2114,117.17884343,-33.83818797
KINGSFORD,WA3279,113.69558354,-24.86313337
BRETON BAY,WA2071,115.47857087,-31.19174911
WOOLGORONG,WA1954,115.76556044,-27.71384122
WELLARD,WA2511,115.84634188,-32.2662695
MIDDLESEX,WA2538,116.1789773,-34.306599
BENTLEY,WA3144,115.90723969,-32.00607878
GOLDEN BAY,WA3065,115.76070498,-32.42505934
HAMEL,WA2827,115.88732875,-32.86796641
BUNJIL,WA1778,116.64290653,-29.63326186
BOW BRIDGE,WA2425,116.97410299,-34.97976615
VALENTINE,WA2730,115.04238568,-28.56467322
WANDERING,WA2143,116.67795589,-32.65498044
GEORGINA,WA2711,114.77867988,-28.87844488
EAST CARNARVON,WA2988,113.67674203,-24.86405548
SOUTH NEWDEGATE,WA1890,119.01648897,-33.21841619
NOWERGUP,WA2881,115.75720069,-31.63860288
MOUNT CLAREMONT,WA3127,115.78033976,-31.9602919
GLENCOE,WA2593,117.62265541,-33.47182793
MOUNT HARDMAN,WA1758,124.87537455,-17.95621611
SECRET HARBOUR,WA3066,115.75822172,-32.40592804
DURAWAH,WA2365,114.9475363,-28.57535077
GUNYIDI,WA1959,116.18186123,-30.13528609
SHACKLETON,WA2254,117.86211562,-31.96556218
SOUTHERN BROOK,WA2683,116.83174626,-31.55774555
CULHAM,WA2679,116.44172817,-31.41066164
NORTH DANDALUP,WA2616,115.95942572,-32.5101268
PERENJORI,WA1777,116.31450254,-29.4697177
NGAANYATJARRA-GILES,WA1721,128.11936068,-25.26505943
CABLE BEACH,WA3003,122.21001661,-17.9505238
MULLEWA,WA2380,115.5500809,-28.49495944
EMU FLAT,WA1800,122.37360398,-31.02908157
JINDALEE,WA3202,115.68485448,-31.6415929
WICHERINA,WA2728,114.98768626,-28.69832732
WELSHPOOL,WA2862,115.94899791,-31.99259624
BURAKIN,WA2389,117.14612362,-30.55785066
LEEMAN,WA2705,115.02449585,-29.97919874
EGANU,WA1932,115.74330133,-30.04278078
DATATINE,WA2596,117.85105405,-33.42015854
MUNDARING,WA2934,116.16366597,-31.92324121
WAGIN,WA2149,117.34536936,-33.3016833
NORTH YELBENI,WA2308,117.66211178,-31.06666751
WEST KALGOORLIE,WA3377,121.43429408,-30.77994714
GERALDTON,WA3249,114.61498221,-28.77735825
SOUTH FREMANTLE,WA3095,115.75446045,-32.07175284
MOUNT HILL,WA2709,114.90500561,-28.996723
KARALUNDI,WA3394,118.67363045,-26.12515394
BURRACOPPIN,WA2332,118.43874095,-31.39989328
WOGOLIN,WA2170,117.8241643,-32.79666449
CRAWLEY,WA3318,115.82715603,-31.98343456
BYFORD,WA2910,116.00218835,-32.2247602
AUBIN GROVE,WA3300,115.86269429,-32.16698499
CLARKSON,WA3199,115.72621612,-31.68669834
DARCH,WA3346,115.84574914,-31.81253009
NUGADONG,WA2387,116.72963943,-30.20119442
MOUNT MELVILLE,WA3289,117.86793519,-35.01768197
MELVILLE,WA3305,115.80130698,-32.04046338
MOUNT HOLLAND,WA1797,119.57183978,-32.12058173
LAGRANGE,WA2033,121.97815928,-18.71176369
KARAWARA,WA3312,115.88127746,-32.0086064
YILKARI,WA2406,121.4396573,-30.82509852
ERADU SOUTH,WA2729,115.067641,-28.77589043
AVON VALLEY NATIONAL PARK,WA2952,116.18874237,-31.63604511
SORRENTO,WA3341,115.75362677,-31.82783068
XANTIPPE,WA2744,117.01177779,-30.23256128
BIMBIJY,WA1982,118.12372979,-29.71726822
ATWELL,WA3080,115.86518876,-32.14344112
MYAREE,WA3307,115.81560445,-32.04153101
GUNDARING,WA2594,117.49625781,-33.33296558
MOUNT SHEILA,WA1833,117.66817211,-22.41341206
WEST PINGELLY,WA2236,116.96398026,-32.54015329
WADDINGTON,WA2691,116.27357144,-30.80078022
CARMEL,WA2919,116.08309676,-32.02160492
NEMBUDDING,WA2695,117.57349498,-31.12778135
BRENTWOOD,WA3308,115.85245823,-32.04350773
MARTIN,WA2620,116.04562445,-32.07541154
BAKERS HILL,WA2638,116.4472992,-31.7321769
RUDDS GULLY,WA2963,114.66691028,-28.84834058
LANGFORD,WA3122,115.9414794,-32.04110752
CRAIGIE,WA3185,115.76955129,-31.78731162
SUCCESS,WA3081,115.84958158,-32.14250913
DAGLISH,WA3319,115.80996094,-31.95151417
KINROSS,WA3349,115.73830446,-31.71797489
DEEPDALE,WA3253,114.68071478,-28.78010475
MOSMAN PARK,WA3100,115.7655619,-32.01483438
YANNARIE,WA1826,115.04438471,-22.93327419
BELDON,WA3344,115.76295805,-31.77466733
KENNEDY RANGE,WA1822,114.81022629,-24.55723872
SHENTON PARK,WA3132,115.80533448,-31.95717048
TAMALA PARK,WA3196,115.73347367,-31.70653875
CARABAN,WA2519,115.54566023,-31.3512469
WEST CASUARINAS,WA1939,115.2617326,-28.86021673
GINGIN,WA3211,115.91117748,-31.34643191
MOONYOONOOKA,WA2715,114.76766617,-28.78012652
RIDGEWOOD,WA3350,115.72262353,-31.66133836
PREVELLY,WA3029,114.9942729,-33.97825121
PAYNESVILLE,WA1787,118.30802338,-27.99534612
GOOMALLING,WA2686,116.84278836,-31.29659308
REMLAP,WA2394,117.67003676,-30.04634685
DWELLINGUP,WA2903,116.07634087,-32.73682935
EDGEWATER,WA3186,115.78518912,-31.76381412
WONGOONDY,WA2367,115.50984903,-28.83592104
CHANGERUP,WA2103,116.86834632,-33.73590862
BALDIVIS,WA2510,115.83066724,-32.32898548
WOORREE,WA3256,114.65807466,-28.76675759
BALKULING,WA2659,117.16018558,-31.94971328
LEXIA,WA2874,115.91937668,-31.77896326
WILGARRUP,WA2544,116.20914022,-34.14927804
MIMEGARRA,WA2079,115.5097517,-30.85855975
GNANGARA,WA2872,115.8649965,-31.77531796
CULLACABARDEE,WA3195,115.89883981,-31.81287226
MALEBELLING,WA2637,116.90169811,-31.83774023
PADBURY,WA3181,115.76933937,-31.80646166
SPALDING,WA3257,114.63637295,-28.73506233
BURGES,WA2957,116.7649908,-31.83143528
UTAKARRA,WA3251,114.64864412,-28.78132052
MOBRUP,WA2106,116.92987561,-34.12497467
NANGA BROOK,WA2136,116.09585849,-32.85066753
PEARSALL,WA3347,115.81877227,-31.78142513
MERRIWA,WA3204,115.71273877,-31.66492479
BALCATTA,WA3172,115.81947578,-31.87156677
SEABIRD,WA2883,115.45572793,-31.26450723
RED HILL,WA2939,116.074533,-31.8275023
OCEAN REEF,WA3205,115.73594894,-31.75869934
SOUTH GREENOUGH,WA2708,114.81002803,-29.00802193
WEDGEFIELD,WA3000,118.59387155,-20.35918182
HENLEY BROOK,WA2938,115.98857323,-31.80926434
BILINGURR,WA3006,122.22819527,-17.91293097
NEERGABBY,WA2521,115.64978087,-31.30717104
HIGHGATE,WA3335,115.87049283,-31.94004738
GIRRAWHEEN,WA3178,115.83970344,-31.84093243
WILLETTON,WA3116,115.88783885,-32.05244481
NORTH COOGEE,WA3089,115.75939917,-32.09298623
BINNU,WA1944,114.87445904,-28.02581858
BARRABUP,WA2065,115.66601063,-33.90134479
MAHOMETS FLATS,WA3368,114.61287948,-28.79211263
CARDUP,WA2909,115.9832762,-32.25351975
NILGEN,WA2076,115.40570832,-30.9504906
BALINGUP,WA2553,116.00698633,-33.77773319
BASSENDEAN,WA3163,115.94529378,-31.90629264
TALBOT,WA2229,116.66734415,-32.02306934
VICTORIA PARK,WA3148,115.89344844,-31.97549839
NARROGIN VALLEY,WA2602,117.25057656,-32.96345501
SOUTH HEDLAND,WA2999,118.60022017,-20.40664733
WANGARA,WA2868,115.83141533,-31.79397035
LAKE COOGEE,,115.78235492,-32.12943594
YORNUP,WA2541,116.1390042,-34.09484578
PALMYRA,WA3304,115.78589698,-32.04495346
RIVERTON,WA3120,115.898981,-32.03460306
ILUKA,WA3197,115.72911522,-31.73573593
LENNARD BROOK,WA2888,115.94436219,-31.38151917
HIGH WYCOMBE,WA3226,116.00112737,-31.94526033
CALJIE,WA2648,116.92499167,-31.75111262
THORNLIE,WA2860,115.95508425,-32.06004555
STIRLING,WA3171,115.81103437,-31.88510761
WOODVALE,WA2867,115.79639661,-31.78933075
GLEN FORREST,WA2932,116.10726247,-31.91930929
BOYA,WA3231,116.0572513,-31.91764737
HOLLETON,WA1919,119.0893248,-31.94001348
WHIM CREEK,WA2998,117.8325166,-20.85934296
LAKE BROWN,WA2342,118.38763023,-30.96087172
TEESDALE,WA2902,116.00929709,-32.73421722
WICKEPIN,WA2167,117.52843286,-32.80563598
CUNDERDIN,WA1903,117.26528224,-31.65558926
WOODLEIGH,WA2020,114.80807382,-26.17206609
SCADDAN,WA1792,121.7710831,-33.42938324
KALUMBURU,WA3284,126.64128714,-14.29450574
BALLA BALLA,WA2413,117.73243877,-20.68618045
TOOMPUP,WA2182,118.40457927,-34.04225554
WARNER GLEN,WA2780,115.2157833,-34.12572704
WAMENUSKING,WA2244,117.56560436,-32.13482425
ADAMSVALE,WA2246,117.7178218,-32.21736869
RAWLINNA,WA1732,125.38363685,-30.76412635
KORBEL,WA1912,118.13329462,-31.65558469
MORDALUP,WA2087,116.61608803,-34.33022372
CAIGUNA,WA1726,125.13278306,-32.05128099
CHIDLOW,WA2627,116.27154894,-31.85109865
VICTORIA ROCK,WA1798,120.6913555,-31.53743493
MURADUP,WA2112,116.96576831,-33.84921738
HOLT ROCK,WA1895,119.43730385,-32.67132386
WILGA,WA2558,116.26354055,-33.68698792
KINGSLEY,WA3187,115.8010131,-31.81046807
PEACEFUL BAY,WA2422,116.90585187,-35.03666114
KUNDAT DJARU,WA3399,128.60140978,-18.8082465
NALYERLUP,WA2177,118.40117404,-34.16501466
BREERA,WA2887,115.96025062,-31.43771577
MUNTADGIN,WA1916,118.57336372,-31.74694652
BOYATUP,WA1999,123.10339021,-33.68815032
BUNICHE,WA2202,118.77241436,-33.00388672
YILLIMINNING,WA2166,117.45669312,-32.88922938
EAGLE BAY,WA3294,115.06209992,-33.56267329
CHOWERUP,WA1863,116.67565085,-34.11450443
MOORIARY,WA2722,115.3480439,-29.27859909
MARMION,WA3342,115.75696502,-31.84150664
ARRINO,WA1935,115.56025134,-29.46715317
UPPER WARREN,WA2085,116.30026604,-34.36902997
BOBALONG,WA2118,117.55447699,-34.00868498
FORREST BEACH,WA2806,115.48899487,-33.5669244
CARROLUP,WA2562,117.3985378,-33.72232394
TINCURRIN,WA2165,117.75639533,-32.95762521
GHOOLI,WA1772,119.54320936,-31.21839065
NORTH BODALLIN,WA2351,118.92339416,-31.12349419
NEENDALING,WA1886,118.31642825,-33.10377368
MOUNT TARCOOLA,WA3370,114.62552239,-28.79870201
WYOLA WEST,WA2290,117.32108274,-31.55249726
NAIRIBIN,WA2188,117.93067808,-33.33328927
WOODANILLING,WA2564,117.45405939,-33.56922534
PLUMRIDGE LAKES,WA1708,125.9871971,-29.62679717
SOUTH LAKE GRACE,WA2192,118.44563532,-33.21282979
GREENWOODS VALLEY,WA2289,116.93926803,-31.50313734
MUJA,WA2577,116.34796656,-33.42764236
BOODAROCKIN,WA2345,118.847217,-30.9536222
CAPE ARID,WA1795,123.39578115,-33.63462422
MOUNT WELLS,WA2210,116.30786756,-32.60863015
BULONG,WA2010,121.97754689,-30.74775988
CANNINGTON,WA3123,115.93676474,-32.01599532
KAMBALDA EAST,WA2405,121.70502856,-31.21098699
MINYIRR,WA3002,122.20490577,-17.98402246
KWEDA,WA2240,117.3960657,-32.34821435
VANCOUVER PENINSULA,WA3018,117.92969423,-35.06394973
WITTENOOM HILLS,WA1996,122.17836704,-33.46104549
MERREDIN,WA2325,118.30443786,-31.48057406
STIRLING RANGE NATIONAL PARK,WA1878,118.04492184,-34.3977733
KULIN WEST,WA2313,118.0342246,-32.61460747
LAKE TOOLBRUNUP,WA2109,117.89963019,-34.13367515
BAANDEE,WA2698,117.97426403,-31.52645268
TOWNSENDALE,WA2163,117.31451942,-32.70421035
YELVERTON,WA2787,115.11346193,-33.74082757
YORNANING,WA2162,117.15814105,-32.74470826
KORRELOCKING,WA2300,117.51819066,-31.24337938
NEWLANDS,WA2808,115.86337128,-33.67382896
MASSEY BAY,WA2986,113.67225539,-24.90536072
JULIMAR,WA2262,116.26041841,-31.45546555
KOJANEERUP SOUTH,WA2173,118.39778054,-34.51146898
SEPPINGS,WA3016,117.91350249,-35.01287906
BOXWOOD HILL,WA1880,118.86179751,-34.36259635
SOUTH BOULDER,WA2983,121.50079919,-30.80167053
ROSA GLEN,WA2456,115.20522431,-33.99386125
DRUMMOND COVE,WA3371,114.61603044,-28.67324982
MOUNT OBSERVATION,WA2228,116.52706885,-31.9424502
ZUYTDORP,WA1946,114.22390559,-27.36508681
KARROUN HILL,WA1782,118.24356397,-29.97586758
HATTER HILL,WA1790,120.13244015,-32.88530981
OOMBULGURRI,WA1768,127.65830164,-14.87231445
BERNIER ISLAND,WA2754,113.14205506,-24.85926645
DIRK HARTOG ISLAND,WA1814,113.05324613,-25.79273005
LITTLE SANDY DESERT,WA1717,122.73695775,-24.77187917
CARRABIN,WA2333,118.69869292,-31.44153356
HAMERSLEY RANGE,WA1829,116.84408886,-22.09191158
NEALE,WA1714,125.05333408,-28.00864474
LAKE CARNEGIE,WA1749,122.28855002,-26.17610038
EAST MURCHISON,WA1823,117.12046961,-26.38436665
LAKE DEBORAH,WA1727,119.60534342,-30.46106723
QUEDJINUP,WA2792,115.08387282,-33.63358505
ANTONYMYRE,WA2761,117.09150982,-20.63568648
FINUCANE,WA3385,118.56837668,-20.29709641
KANOWNA,WA2013,121.41756012,-30.44053241
WOOTTATING,WA2231,116.44351618,-31.86801556
BOOTHENDARRA,WA1931,115.65976841,-30.24576453
KURNALPI,WA2014,121.99879956,-30.36982332
BIBRA LAKE,WA2854,115.81852038,-32.09927214
JOONDALUP,WA2877,115.77030604,-31.737663
MINDARIE,WA3200,115.70915337,-31.6933062
NORTH LAKE,WA3093,115.83182018,-32.08059342
MOUNT BARKER,WA1855,117.63476064,-34.61737179
SOUTH CARNARVON,WA3275,113.65551392,-24.89755681
BURNS BEACH,WA3198,115.72030232,-31.72060497
CHEYNES,WA2054,118.31347004,-34.85815836
EMU POINT,WA1707,117.93731263,-34.99534475
DALKEITH,WA3129,115.79930222,-31.99653692
MOONDYNE,WA2629,116.20454378,-31.5594027
THREE SPRINGS,WA3367,115.76311251,-29.53370113
NORTH KELLERBERRIN,WA2299,117.69991534,-31.46730532
KOONDOOLA,WA3191,115.86659078,-31.84137547
COLLINGWOOD PARK,WA3292,117.92390483,-35.00383145
SWANBOURNE,WA3128,115.76370891,-31.97068518
KARRAKATTA,WA3317,115.79800872,-31.96771771
KELMSCOTT,WA2915,116.02548264,-32.11511913
DALWALLINU,WA1962,116.63823757,-30.26157129
ROSA BROOK,WA2062,115.1919551,-33.94931437
BARANGYA,,127.84540489,-18.42124516
BALGO,,127.98303889,-20.14249617
BALGINJIRR,,123.78704918,-17.90447622
BARREL WELL,,114.60336057,-27.96423666
BAULA WAH,,128.01290887,-17.21998615
BEAGLE BAY,,122.66459523,-16.98257924
BEDUNBURRA,,123.16900922,-17.64298623
BELL SPRINGS,,128.79170881,-15.88498614
BELLS POINT,,122.69400922,-16.77898624
BETHAL,,128.74600882,-15.76598614
BIDYADANGA,,121.78100935,-18.68498628
BILLARD,,122.67318023,-16.97195324
BILGUNGURR,,122.22095929,-17.94265426
BILLINUE,,115.46780066,-30.67350662
BINDI BINDI,WA1902,115.12002205,-21.6430866
BIRIDU,,125.62270905,-17.88780618
BLACKSTONE,,128.28339689,-25.99746621
BOBIEDING,,122.63468923,-16.97472624
BONDINI RESERVE,,120.26624981,-26.60103338
BURRINUNGA,,123.64137517,-17.30542321
BUNINGBARR,,123.01372819,-16.38970423
BURRINGURRAH,,116.93377007,-24.65092651
BURAWA,,125.57049905,-18.17010618
BYGNUNN,,122.9969092,-16.52498623
CARRANYA,,127.7691719,-19.23104017
CATTLE CREEK,,128.81100882,-17.65408615
CATTLE CAMP,,117.35505497,-23.58757049
CHEEDITHA,,117.12030982,-20.75220648
CHILE CREEK,,122.8740092,-16.53198623
COCKATOO,,122.70144923,-16.89727624
CONE BAY,,123.66186915,-16.48524621
COSMO NEWBERY,WA1733,122.89618156,-27.9953623
COTTON CREEK,,122.59755512,-22.81753816
CROCODILE HOLE,,128.14085656,-16.64208277
CULLACABARDEE,WA3195,115.91111069,-31.8215366
ABYDOSS VILLAGE,,118.9161657,-21.4043634
ALLIGATOR HOLE,,128.87841701,-16.02968063
JALYIRR,,127.16796096,-20.65637118
JANTERRIJI,,127.6040486,-17.34169503
JIGALONG,WA3398,120.78149732,-23.3597841
JILARIYA,,127.33003233,-18.53026773
JINPARINYA,,118.82785466,-20.3728044
JIMBILUM,,128.70109692,-15.87297024
JOY SPRINGS,,125.69203905,-18.33237618
JULGNUNN,,122.9836169,-16.61265098
JUNDARU,,115.62687602,-21.84418657
JUNJUWA,,125.56625906,-18.17591618
JUPITER WELL,,126.59884304,-22.8773882
KALUMBURU,WA3284,126.64200893,-14.29498614
KALYADAYAN,,121.89500935,-18.75398627
KAMBALDA COMMUNITY,,121.66800984,-31.20198635
KANGAN,,118.51610972,-21.10142642
KANPA,,125.6156092,-26.52665624
KARALUNDI,WA3394,118.68560997,-26.12804644
KARMULINUNGA,,123.63895917,-17.30501622
KARNPARRMI,,125.61737955,-18.31405843
KARTANG RIJA,,128.36204645,-17.90520503
KEARNEY RANGE,,128.07477888,-20.17183617
KING GEORGE RIVER,,127.35100889,-14.20488614
KIWIRRKURRA,,127.76472402,-22.81541593
KILLI KILLI,,128.59855884,-20.27253117
KOORDA CLUB,,115.21101028,-25.06398661
KOONGIE PARK,,127.53616461,-18.33906503
KARRKU,,127.93456292,-24.7045012
KURRAWANG,,121.33047677,-30.83043162
KUMBRARUMBA,,128.9824494,-15.68690439
BRUNBRUNGANJAL,,121.64028037,-18.86604528
BUDGARJOOK,,122.52100924,-17.01698624
BUDULAH,,123.64900817,-17.30709121
BULGIN,,122.99948559,-16.3974596
BUNNENGARRA,,119.24285864,-20.63867638
BUNGARDI,,125.59977905,-18.17557618
EMBULGUN,,122.62782923,-16.80059724
EMU FARM,,120.3540098,-26.57698637
EMU CREEK,,128.79065051,-15.814125
FIVE MILE,,120.19091461,-21.90755985
FLETCHER FAMILY,,127.80234999,-18.10659002
FOUR MILE,,128.9390088,-15.89798614
FRAZIER DOWNS,,121.71200936,-18.79798628
GALERU,,126.07493052,-18.60775593
KUNMUNYA,,124.71000906,-15.44398618
KURINYJARN,,126.78065317,-18.71372147
KURLKU,,125.45676909,-19.47990619
KURNANGKI,,125.56653906,-18.19971618
KUTKABUBBA,,120.23404981,-26.32982638
LADJADARR,,123.1496013,-16.88261022
LAMBOO STATION,,127.35035203,-18.46290954
LINGA,,127.89499459,-18.40571878
LOMBADINA,,122.8928992,-16.51611623
LOOMA,,124.14860316,-18.03918021
LOONGABID,,122.54489644,-16.97341398
LOUMARD,,122.83720921,-16.57400623
GANINYI,,126.71481738,-18.71100753
GEBOOWAMA,,128.76796442,-15.92620563
NGALLAGUNDA,,126.43400897,-16.42598616
BUTTAH WINDEE,,118.44770802,-26.60684445
GILLAROONG,,125.60027565,-18.29463043
GILROYD,WA2021,115.18843434,-25.82185862
GILLY SHARPE,,125.96709903,-18.74611618
GALAMANDA,,125.40032906,-17.75816618
GLEN HILL,,128.35777674,-16.5437679
GNANGARA,WA2872,115.86014069,-31.78905661
GNYLMARUNG,,122.55087534,-16.86037836
GOODA BINYA,,119.73000962,-21.14942637
GOODALARGIN,,122.56246013,-16.81734848
GOOLARABOOLOO,,122.21767199,-17.8370775
GOOMBADING,,123.02290919,-16.42069023
GOOBINY,,122.54388684,-16.8582786
GOOMBARAGIN,,122.66332723,-16.79624523
GOONJARLAN,,123.0320092,-16.67098623
GOOLARRGON,,122.9529912,-16.40905623
GOOSE HILL,,128.32825804,-15.57170438
GUDA GUDA,,128.19230505,-15.53363363
GUDUMUL,,123.13431079,-16.70635747
GULBERANG,,128.93169221,-15.89290001
GULLAWEED,,123.02269489,-16.3978836
GULUMONON,,122.9040092,-16.46098623
GUMBARNUN,,123.03216519,-16.42278372
GURIMA,,124.96600906,-16.30798618
GURRBALGUN,,122.78738222,-16.73182124
HOLLOW SPRINGS,,128.85333341,-15.86417775
IRAGUL,,121.69533987,-32.11808636
ILKULKA,,127.51739799,-28.35019023
IMINTJI,,125.46120904,-17.15059618
BELLARY SPRINGS,,117.88943148,-23.04564133
IRRUNGADJI,,120.10533162,-21.89384135
KUNAWARRITJI,,124.72572891,-22.32842073
KUNDAT DJARU,WA3399,128.61585603,-18.7940334
DARLU DARLU,,128.85926871,-16.99876339
DARLNGUNAYA,,125.58276105,-18.18699118
DILLON SPRINGS,,128.35082274,-15.92506951
DINGO SPRINGS,,128.93052141,-16.00999189
DJARINDJIN,,122.8951952,-16.51433423
DJARADJUNG,,122.9670092,-16.56098623
DJIBBINJ,,122.31695026,-17.05681125
DJIMUNG NGUDA,,123.64582617,-17.30671721
DJOODOOD,,122.74769922,-16.68387624
DJULBURR,,122.81033971,-16.56104523
DJUGARAGYN,,122.86900921,-16.79798623
DODNUN,,126.21100898,-16.43898616
PIPPINGARRA,WA2030,118.68740967,-20.46085641
PIPUNYA,,119.74239962,-21.16991637
PINJIN,,122.72948965,-30.07890632
PULLOUT SPRINGS,,126.76768397,-18.72111117
PUNTAWARI,,121.60503254,-23.59521331
MARTA MARTA,,118.98336264,-20.35138239
MOUNT WITTENOOM,,116.69025028,-27.41955654
MUDJARRL,,122.29195896,-17.07459024
MUDNUN,,122.9832213,-16.5276421
MULAN,,127.59509702,-20.10116854
MULGA QUEEN,,122.04144765,-27.55672932
MULLIBIDEE,,122.07728935,-19.34030127
MULGUL STATION,,118.47515992,-24.83282644
MULUDJA,,125.76163904,-18.15969618
MUNGULLAH,,113.69376743,-24.8748187
MUNTHANMAR,,128.77384421,-15.88356988
MUNDUD,,122.28483326,-17.08138825
MURPHY CREEK,,122.57000924,-16.92198624
NEEM,,122.58054673,-16.79014634
NGADALARGIN,,122.41746325,-16.99456325
NGALINGKADJI,,125.70815905,-18.65790619
NGAMAKOON,,122.9170082,-16.44702997
NGARLAN,,122.66391983,-16.98761548
PUNJU NJAMAL,,118.83074366,-20.3647344
PURLUWALA,,125.56783908,-19.58627619
RARRDJALI,,122.63146446,-17.82594095
LUMUKU,,128.25700885,-17.23598615
MADDARR,,123.15728019,-16.81916423
MAJADDIN,,125.66700901,-16.04798617
MALABURRA,,123.2380092,-17.08498623
MANTAMARU,,127.66514686,-25.86250047
MARDIWAH LOOP,,127.6584759,-18.21097516
MARNJARL,,127.17633594,-18.39468917
MARMION VILLAGE,,121.02750986,-29.69637637
MARUNBABIDI,,126.14600897,-15.40098616
MCGOWAN,,126.64921413,-14.14571388
MERCEDES COVE,,122.59215173,-16.76564711
MUNGET,,122.62228463,-16.79911644
MIA MAYA,,122.85313291,-16.72852072
MIDDLE LAGOON,,122.57627463,-16.77370073
MILBA,,127.75570399,-18.1780809
MILLI MILLI NYILIL,,122.9890792,-16.60955623
MILLARGOON,,122.58316123,-16.77825698
MIMBI,,126.05813773,-18.72637631
MINIATA,,128.92471501,-15.85728651
MINDIBUNGU,,127.66177361,-19.55538255
MINDI RARDI,,125.56307906,-18.19755618
MINGULLATHARNDO,,117.21306302,-20.80437073
MALUMBO,,123.02822919,-16.42767623
MUNMARUL,,125.75066903,-17.45574618
MOGUMBER COMMUNITY,,115.93976062,-31.0042266
MOLLY SPRINGS,,128.46833103,-15.82145282
MONBON,,122.33026526,-17.05835525
MOONGARDIE,,126.4480679,-18.78047742
MORRELL PARK,,122.25382199,-17.90150197
MORAPOI,,121.3781098,-29.40339635
MOUNT MARGARET,,122.18480967,-28.79310632
MOWANJUM,,123.70100917,-17.35598622
MOWLA BLUFF,,123.61441621,-18.58902723
WILUNA COMMUNITY,,120.22817982,-26.59328338
WINDJINGAYRE,,124.6194691,-17.17179619
WINGELLINA,,128.93084071,-26.06778271
WALGUN,,120.71895952,-23.20189484
WONGATHA WONGANARRA,,122.39124064,-28.62306132
WOOLAH,,128.24650845,-16.30641126
WOODSTOCK HOMESTEAD,,118.95439971,-21.6192064
WHITE ROCK OUTSTATION,,127.41226892,-18.49052617
WUGGABUN,,128.37900884,-15.95598614
WULUNUNJUR,,123.27600919,-17.08598622
WUNGU,,127.99835418,-18.32539403
WUNKUL,,127.6926859,-18.25080316
WURRERANGINY,,128.05100887,-17.27518615
YARDOOGARRA,,121.91978133,-18.46183927
YAGGA YAGGA,,127.9260089,-20.82398618
YANDARINYA,,121.60475538,-19.04213528
YANDEYARRA,,118.40568974,-21.28459642
YARDGEE,,127.6659176,-18.2221484
YARRAMURRAL,,127.60919493,-21.13880118
YIRRALALLEM,,128.69134842,-15.888157
NGARLAN BURR,,122.56969924,-16.90782624
NGARANTJADU,,126.22272202,-19.38529018
NGUMPAN,,126.03583903,-18.76914618
NGULUP,,128.89850881,-20.52638617
NGULWIRRIWIRRI,,128.93206931,-15.90171138
NGYALAWILLI,,127.7293659,-18.42941416
NICHOLSON CAMP,,127.6763671,-18.23685278
NILLIR IRBANJIN,,122.23640929,-17.94147626
NILLARGOON,,123.17900918,-16.42898622
NILLYGAN,,122.55249524,-16.88057724
NIMBING,,128.67900882,-15.24098614
NINGA MIA,,121.49170984,-30.73026636
NUNJU YALLET,,122.55731924,-16.88922624
NEW LOOMA,,124.13808826,-18.05379271
NORTON BORE,,128.06100887,-17.20198615
NUDUGUN,,122.33397126,-17.16243125
NULLYWAH,,128.73673902,-15.76436889
NULLA NULLA,,127.78890887,-15.55526614
NGURTUWARTA,,125.51967906,-18.27824619
NYUMWAH,,122.9826292,-16.55729623
OOMBULGURRI,WA1768,127.84400887,-15.17998614
PANDANUS PARK,,123.65990918,-17.73886622
PANTIJAN,,125.05469905,-15.96161618
PARUKUPAN,,125.57574906,-18.21007618
PATJARR,,126.31452609,-24.61658622
PELLING PELLING,,121.82500934,-18.49526627
PETERMARER CREEK,,118.75044266,-20.3136704
TAPPER'S INLET,,122.55706143,-16.81099311
TARKU,,127.73393492,-21.97954319
THREE MILE,,120.13348562,-21.89133535
TIRRALINTJI,,126.43500899,-17.95998617
TJALKA WARA,,118.69700967,-20.40468641
TJUNTJUNTJARA,,127.09771665,-29.3406905
TKALKA BOORDA,,118.62387767,-20.3131464
COGLA DOWNS,,118.92643001,-27.43293043
BADJALING,WA2665,117.50376847,-31.99825452
BAYULU,,125.59745106,-18.30042818
BELELE SPRINGS,,118.02868206,-26.36137947
FLYWELL,,127.60549441,-18.29936128
LULUIGUI,,124.03140917,-18.14656621
GOOGARR GOONYOOL,,122.61080673,-16.77549751
DINNER CAMP,,127.6654379,-18.22396516
PUNMU,,123.12066405,-22.04399088
RED SHELLS,,122.62608323,-16.80045723
MARRA WORRA WORRA,,125.59207305,-18.18540018
MARRIBANK,,117.24660062,-33.65329654
MUD SPRINGS,,128.77130322,-15.87980839
ULLAWARRA,,116.11046008,-23.48014655
ULLULA STATION,,119.77765189,-26.9142644
WAKATHUNI,,117.83390988,-22.86692646
WAMALI,,125.36706906,-17.74637618
WANARN,,127.54177886,-25.28280834
WANGKATJUNGKA,,125.92686904,-18.88520618
WANAMULYUNDONG,,121.88726435,-18.74515727
WANDANOOKA,,115.60801047,-28.3849866
WARRAYU,,128.12004505,-15.47974226
WARBURTON,WA2031,126.57786298,-26.13509222
WARINGARRI,,128.73607782,-15.76113614
WARRALONG,,119.59177061,-20.64994037
WARMUN,WA3285,128.21214256,-17.02988721
WEYMUL,,116.80494886,-21.0128475
WHULICH,,122.55515683,-16.80592686
WINDIDDA,,122.21200958,-26.38798631
YARRI YARRI,,124.47960915,-18.87914621
YATHARLA,,116.21204416,-21.692486
YUNGGUL,,127.6786349,-18.22572516
YULGA JINNA,,118.55530996,-25.61673644
YULUMBU,,126.90300895,-17.27798616
YUNGNORA,,124.82700912,-18.5029862
YOUNGALEENA,,118.52700978,-22.29698642
CARNOT SPRINGS,,122.31700926,-17.17198625
BAWOORROOGA,,126.11791162,-18.75650515
RED CREEK,,128.91218301,-15.86486326
RED HILL,WA2939,127.6690731,-18.21084404
ROBE RIVER,,128.89440351,-17.04463802
ROCKY SPRINGS,,126.69913338,-18.77013604
ROLLAH,,121.70242536,-18.73243028
FLYING FOX,,128.60570883,-15.83368614
KUPARTIYA,WA3400,126.24301372,-18.89301706
GOOGARDAH,,126.75017287,-18.72198341
HONEYMOON BEACH,,126.68100893,-14.10398614
JARLMADANGAH,,124.01100917,-18.01398621
JARLMADANKA,,123.92872917,-18.03487111
KOORABYE,,124.75418912,-18.5842362
DJUGERARI,,125.51039907,-18.98868619
MIRIMA,,128.73900882,-15.75698614
MOUNT DIVIDE,,120.86125257,-22.40776533
NAMBI VILLAGE,,121.32972779,-28.91209935
ONE ARM POINT,,123.06016919,-16.44550623
TJIRRKARLI,,125.4724479,-26.00028449
WIRRILIMIRA,,118.52600978,-22.28198642
YAKANARRA,,125.29882908,-18.67162619
CAPE LAVEQUE,,122.9291512,-16.40121523
SPEEWAH VALLEY,,127.98585687,-16.39620915
STRELLEY,WA2418,119.05546964,-20.46714639
KUPUNGARRI,,125.92700901,-16.72098617
JABIR JABIR,,122.37173326,-17.19222925
JIMBALAKUDUNJ,,124.64470912,-17.8923962
KADJINA,,124.94177911,-18.8252362
KANDIWAL,,125.84188898,-14.82072616
KENNEDY HILL,,122.24342929,-17.95724626
DJILIMBARDI,,124.86038913,-19.0554462
PIA WADJARI,,116.39391029,-27.12470656
MINGALALKA,,126.16154902,-18.69444618
MORARD,,122.37800925,-17.05998625
NGURRAWAANA,,116.98431587,-21.41182549
NYGAH NYGAH,,121.92089533,-18.50626827
PAGO,,126.72200892,-14.12598614
PARNPAJINYA,,119.74345772,-23.34174638
TJUKURLA,,128.71940894,-24.3472062
WARAKURNA,,128.28778118,-25.00117462
YAWURU,,122.30002929,-17.93280626
YIYILI,,126.75500897,-18.71998617
CHINAMAN GARDEN,,127.89539018,-17.86768006
COONANA,,123.22010811,-31.06026431
BURRGUK,,122.57596524,-16.98737324
BIDIJUL,,125.1263452,-18.60991206
BOW RIVER,,128.18540886,-16.87022615
CARDABIA,,113.80411028,-23.10314669
BUNDY BUNNA,,115.64941051,-28.9289866
COCKATOO SPRINGS,,128.9520088,-15.94698614
