Locality,Longitude,Latitude
MORCHARD,138.49409227,-32.72029888
CLEMENTS GAP,138.06259141,-33.50707714
KELLY,136.51338874,-33.22766209
MABEL CREEK,134.09310521,-29.13973988
WEST RANGE,139.91386796,-36.7440853
POONINDIE,135.8781619,-34.56641977
PETERSVILLE,137.84400885,-34.34986465
LEIGH CREEK,138.40389852,-30.59289443
WILKATANA STATION,137.77680378,-32.12814939
WARRAMBOO,135.59587699,-33.24164595
FURNER,140.33995159,-37.40774806
YANKANINNA,138.96475556,-30.33281128
APPILA,138.4288394,-33.05115298
TODMORDEN,134.82686188,-27.28384805
MOUNT BARRY,134.87070987,-28.36727566
ERUDINA,139.52989757,-31.38606091
SEVENHILL,138.62696205,-33.89591791
PUNTHARI,139.29696793,-34.81171855
TEMPLERS,138.74445418,-34.47703605
ANGLE PARK,138.560619,-34.85594635
PUALCO RANGE,139.61186258,-32.96902709
PARAMATTA,137.62392069,-34.049064
EVERARD CENTRAL,138.31903384,-33.924315
GAWLER WEST,138.73401638,-34.60438087
AUBURN,138.67856252,-34.02923105
GLOBE DERBY PARK,138.58932728,-34.78779387
ETADUNNA,138.51013866,-28.75946224
REGENCY PARK,138.57241212,-34.86253419
EDINBURGH,138.63500553,-34.71913239
SHEAOAK FLAT,137.87596637,-34.70365644
BOOLGUN,140.03410466,-34.41718697
SHORT,140.53884199,-37.35257428
TAYLORVILLE STATION,140.18937425,-33.92427555
BLACK POINT,137.89143238,-34.61231044
COOYERDOO,137.00856837,-33.03687375
SPECTACLE LAKE,140.44473956,-34.34538661
YARRAH,138.03301448,-32.15221579
WIRRABARA,138.27057606,-33.03442821
WEEKEROO,139.96783541,-32.21649168
GLENDAMBO,135.76045787,-30.96829634
GLENELG,138.5144214,-34.98046784
LOWAN VALE,140.6821683,-36.1637947
KYBYBOLITE,140.92625379,-36.86967163
MUNDI MUNDI,140.95194669,-31.74287936
COCKBURN,140.99769707,-32.07740656
DULKANINNA,138.66288225,-29.09383153
DE ROSE HILL,133.31116316,-26.55610038
OLD KOOMOOLOO,139.79466883,-33.52720055
GLANVILLE,138.49089832,-34.84409629
MARDEN,138.63476508,-34.89254875
MEDINDIE,138.6049077,-34.89732276
BOWILLIA,138.41325211,-33.93457447
WATCHMAN,138.41751198,-34.06931832
LAURIE PARK,140.90699176,-36.98924412
IRON BARON,137.15857358,-32.99691077
MURRAWONG,139.33077518,-35.0553929
TARATAP,139.94876762,-36.57780474
OAK VALLEY,130.80646142,-29.44941423
MAITLAND,137.67299011,-34.37394243
REID,138.72952647,-34.60100183
HOLOWILIENA,138.9171994,-31.90642706
PINE VALLEY STATION,140.32026404,-33.3331141
EMU FLAT,138.58913801,-33.85872854
WORUMBA,138.70162931,-31.88225868
WOOMERA,136.8192684,-31.16562564
MARRYATVILLE,138.64600549,-34.92841904
COLLINSVILLE,139.21938182,-33.4001372
MITCHIDY MOOLA,132.51483343,-31.65217443
MOUNT BRYAN,138.89482209,-33.55044508
BROMPTON,138.57568219,-34.8983185
LINDON,140.28130536,-29.24575843
ROSEDALE,138.83933289,-34.55670205
WHYALLA STUART,137.51909865,-33.03291348
CADELL,139.7623817,-34.03842413
TRINITY GARDENS,138.64451481,-34.91124004
CROSS ROADS,137.61107589,-34.05771665
HASLAM,134.21435376,-32.5075824
KOONUNGA,139.00870976,-34.36998121
WHYALLA NORRIE,137.53969588,-33.02764034
PLEASANT PARK,140.90727104,-37.64372748
ST JOHNS,138.95026501,-34.37419828
BLAKISTON,138.88609419,-35.04169219
UNDALYA,138.68624645,-34.07861751
FRANCES,140.9557529,-36.71370867
DUTTON,139.14776221,-34.32644361
DUTTON EAST,139.23924715,-34.35608674
GILES CORNER,138.72886827,-34.22303247
TEROWIE,138.93415252,-33.14248055
ECHUNGA,138.80289916,-35.09812403
BAGOT WELL,139.00244218,-34.30378546
MUNDULLA WEST,140.56523657,-36.42151073
SUNNYBRAE,138.80112124,-33.03150851
ALMA,138.64477313,-34.25799518
APOINGA,138.93546891,-33.9141821
MINGBOOL,140.87535635,-37.71069766
STANLEY,138.76224922,-33.88593948
CUSTON,140.92106232,-36.43752633
SUNLANDS,139.87842548,-34.13767173
MALVERN,138.61254396,-34.95913746
COROMANDEL EAST,138.64912219,-35.04739288
PORT WILLUNGA,138.46370858,-35.25961662
YELTA,137.61817409,-34.0647415
MULLAQUANA,137.53252158,-33.05752652
MOCULTA,139.12381127,-34.47400568
TORRENS VALE,138.38593167,-35.52204468
WHYTE YARCOWIE,138.8863733,-33.22942047
CAVAN,138.5995184,-34.82564497
WILLUNGA SOUTH,138.55709945,-35.28608694
SEAFORD HEIGHTS,138.49646267,-35.19789669
TALDRA,140.88848269,-34.4226941
SEAFORD RISE,138.48487176,-35.2042152
PICCADILLY,138.73348222,-34.97823938
WILLOW CREEK,138.4232765,-35.5680091
BOLTO,139.31711538,-34.9137435
KOONOONA,138.92878028,-33.8313999
URAIDLA,138.74513211,-34.96062234
COMPTON,140.67551997,-37.81506522
WASLEYS,138.68430826,-34.47107647
STEPHENSTON,138.20064398,-32.38158087
GERMAN FLAT,140.41962557,-37.78399881
SANDALWOOD,140.12830872,-34.94176465
UWORRA,133.3297286,-31.96700176
CROWN POINT,134.74815236,-26.0980573
OSBORNE,138.50748713,-34.78580958
BILLA KALINA,136.40965673,-29.9002615
DARLINGTON,138.55629108,-35.03300595
TAUNTON,139.08968299,-34.68705458
BUCKLEBOO,136.21304165,-32.92037756
BLACK HILL STATION,138.83179274,-31.80129386
CALTOWIE,138.48350002,-33.18171872
PAISLEY,139.66331879,-34.39582974
WAPPILKA,140.3144082,-34.39047415
BETHANY,138.98563343,-34.54470878
CORDILLO DOWNS,140.57532998,-26.3996421
OULNINA,140.33179979,-32.42944422
FARM BEACH,135.39706732,-34.49480937
MANNINGHAM,138.62196383,-34.87718144
WOODCROFT,138.56241839,-35.10320464
NANBONA,132.66986879,-31.70046458
DONOVANS,140.95414982,-38.00556625
TOOLIGIE,135.70202401,-33.85930335
CLAPHAM,138.60501534,-34.99014419
JULANKA HOLDINGS,139.54530144,-34.87309992
NORTH WEST BEND,139.67506582,-34.03879937
WADNAMINGA,140.28620669,-32.54407566
NAPPERBY,138.11750309,-33.15556482
AVENUE RANGE,140.17841377,-36.94307625
SALTIA,137.95136868,-32.48417823
CAVETON,140.80756229,-37.94240632
MANTUNG,140.0778694,-34.58784854
WATERLOO,138.8854238,-33.98829649
MERRITON,138.14319436,-33.438122
SOUTH KILKERRAN,137.58649582,-34.44381674
BORDERTOWN SOUTH,140.72835678,-36.43217742
SHEA-OAK LOG,138.83433162,-34.50848323
ANANGU PITJANTJATJARA YANKUNYTJATJARA,131.20439334,-27.08216914
SALISBURY SOUTH,138.6429674,-34.78277563
ELIZABETH NORTH,138.6769863,-34.70084156
LOVEDAY,140.41484734,-34.27647954
KOOLYWURTIE,137.64086265,-34.64393872
BAKARA WELL,139.84708234,-34.57483507
GOLDEN HEIGHTS,139.93532673,-34.19566725
SHAUGH,140.85145278,-35.92882761
AMATA,131.17389748,-26.12765172
CLINTON CENTRE,137.91816945,-34.22391445
UPALINNA,138.89180572,-31.57512434
MARAMA,140.18155703,-35.17395225
NOTTS WELL,139.77828805,-34.42130666
BURNSFIELD,138.21495138,-33.69318945
CUNGENA,134.71286749,-32.58255934
MALTEE,133.92468699,-32.07948981
WANBI,140.31140391,-34.76735047
GILLES DOWNS,136.918019,-32.91727296
WOOLUMBOOL,140.33888479,-36.7916607
YATINA,138.66727955,-32.92950685
BROOKER,135.85378189,-34.04887055
MUNDIC CREEK,140.78947586,-34.21098067
LANGS LANDING,139.59020584,-34.58619447
MOUNT BURR,140.4573359,-37.54136984
YORKE VALLEY,137.68676999,-34.44817505
SEMAPHORE,138.48288881,-34.83891067
ROXBY DOWNS,136.87978111,-30.56098771
OUTALPA,140.14668655,-32.21667428
UPPER HERMITAGE,138.76217458,-34.79234978
OTTOWAY,138.53573783,-34.84727271
COLLEY,134.65646633,-33.06491227
PATA,140.52536714,-34.56390456
SANDY GROVE,139.84671851,-36.87518836
MOUNT DAMPER,135.04192023,-33.13916274
MUSTON,137.7366834,-35.81362762
POOGINAGORIC,140.82387071,-36.44186106
PINKS BEACH,139.82000673,-36.86942195
MOUNT HAVELOCK,138.74993401,-31.67824017
TIDDY WIDDY BEACH,137.94051136,-34.40147846
CUNYARIE,136.27315527,-32.94478355
DEVONBOROUGH DOWNS,140.3924606,-32.60352661
ZADOWS LANDING,139.29461118,-34.9686151
MOOLEULOOLOO,140.33270527,-31.63053216
WOMBATS REST,139.67109852,-34.11695924
ANGAS VALLEY,139.29417608,-34.75632015
WYOMI,139.82928498,-36.85721517
MANNA HILL,139.97927104,-32.43138695
MOUNT FREELING,139.36750688,-30.00352359
NILPINNA STATION,135.56409799,-28.40343505
NETLEY GAP,140.01537421,-32.75839269
EVANSTON PARK,138.74840311,-34.62908566
PARINGA,140.78500883,-34.17705156
POLTALLOCH,139.30798221,-35.52265046
DEEP CREEK,138.2163855,-35.63328977
ANGASTON,139.06225501,-34.52982626
MENINGIE EAST,139.56424237,-35.62838525
HINDMARSH VALLEY,138.59894194,-35.47604833
CORNY POINT,137.08240649,-34.92436341
WATTLE PARK,138.67849632,-34.92724569
PANORAMA,138.597387,-35.00072748
FELIXSTOW,138.64697027,-34.88900998
FISHER,139.50924862,-34.52194422
KINGSTON ON MURRAY,140.34552536,-34.2215426
ELLISTON,134.89035103,-33.64951137
MIDDLE RIVER,137.08669305,-35.6947094
MAAOUPE,140.69559084,-37.26796862
MURRAY BRIDGE NORTH,139.26469665,-35.07529653
ANGORIGINA,138.80926512,-31.10302976
MULGATHING,133.92965502,-30.4219337
CULTANA,137.39700754,-32.93768641
ROWLAND FLAT,138.93725138,-34.57297437
GREEN HILLS RANGE,138.80116155,-35.16613362
ABERFOYLE PARK,138.60114398,-35.07055539
YINKANIE,140.32175658,-34.33040294
KALLORA,138.30349272,-34.21765925
PORT RICKABY,137.50958442,-34.67276519
BLACKFELLOWS CAVES,140.46427943,-37.92952883
NULLARBOR,130.48127314,-31.05805847
ERSKINE,138.83605491,-32.68637678
PORT NEILL,136.34894041,-34.11938864
GREENHILL,138.69181863,-34.94987976
HAPPY VALLEY,138.57574797,-35.07657549
CRYSTAL BROOK,138.20876113,-33.35152395
DUDLEY WEST,137.87359898,-35.81925958
KULPARA,138.0367605,-34.06037762
EVANDALE,138.63542347,-34.90550786
AVOCA DELL,139.31174951,-35.09103426
MONARTO,139.12325759,-35.08244299
KALTJITI,132.02989944,-26.76711955
FAIRVIEW PARK,138.72895565,-34.80043411
CADELL LAGOON,139.75446815,-34.03372504
WALLAROO MINES,137.69556523,-33.96791906
MURPUTJA,130.18270038,-26.16372867
SPRINGFIELD,138.63274801,-34.97842912
HAWKS NEST STATION,140.43704024,-34.05558961
AUSTRALIA PLAINS,139.17035416,-34.08640959
CHELTENHAM,138.52691477,-34.86811613
NINNES,138.02587774,-33.96404641
RAUKKAN,139.13236712,-35.5065265
ALLENDALE EAST,140.70495683,-38.00315359
WRENFORDSLEY,134.30278464,-33.0917175
WRIGHT,134.67189694,-33.21239333
LAKE HARRIS,135.22108301,-31.11021641
LAKE ALBERT,139.2848921,-35.6249516
SQUARE MILE,140.80267033,-37.87123156
MILLICENT,140.35376658,-37.59526561
TOORA,139.3016258,-35.07707177
PETHERICK,140.14966031,-36.36014357
ROCKY GULLY,139.2020391,-35.10900038
TARCOOLA,134.55751871,-30.69340214
LOCK,135.75593834,-33.56671547
LONG FLAT,139.30952783,-35.13235672
MACCLESFIELD,138.83630719,-35.17301648
BALD HILLS,138.39940872,-35.48821119
MAGDALA,138.70429147,-34.42149251
BEATTY,139.44166006,-34.01811991
TIKALINA,140.62737438,-32.25905125
BOLLARDS LAGOON,140.72464936,-28.87104596
CLEVE,136.49494537,-33.70209299
KALAMURINA,137.6741029,-27.79130012
SEPPELTSFIELD,138.90618138,-34.49573798
WASHPOOL,138.58416134,-33.38084346
AMYTON,138.32919602,-32.60942196
PANDIE PANDIE,139.76161059,-26.37116662
PUKATJA,132.13817035,-26.29117276
WATINUMA,131.88102709,-26.52117355
PETINA,134.38908873,-32.47520375
FOUNTAIN,135.63659741,-34.59856161
BANKSIA PARK,138.73057675,-34.81051533
MOUNT CHARLES,140.14550061,-36.07240917
ETTRICK,139.54300892,-35.02320096
ARKAROOLA,139.40726271,-30.213299
SWAN REACH,139.62428545,-34.57021908
WATARRU,129.90525763,-27.02468469
KALKA,129.15276288,-26.11556413
PIPALYATJARA,129.14570907,-26.17045046
YUNYARINYI,132.45501301,-26.32326908
UMUWA,132.02529412,-26.47799857
BUCKINGHAM,140.56740189,-36.33812352
EUROMINA,138.57310927,-33.62462589
ERITH,138.39727806,-34.22356678
HAMPSTEAD GARDENS,138.62881254,-34.87446803
JUPITER CREEK,138.75353375,-35.11802753
COOMOOROO,138.50361987,-32.65037265
TINTINARA,140.0570964,-35.88302903
MELROSE,138.18851743,-32.82597144
ANGEPENA,138.85585637,-30.65814043
MINBURRA,138.74975385,-32.54403826
COLLEGE PARK,138.61972614,-34.91155113
TEPCO STATION,140.77677973,-32.29226752
JERICHO,137.68378056,-33.96608973
MOUNT GAMBIER,140.76481996,-37.83361969
WUNKAR,140.29885884,-34.49178585
BUNGAMA,138.06822212,-33.20148184
EBA,139.56987681,-34.05305801
WOODVILLE PARK,138.54638622,-34.88240245
INKERMAN,138.26013821,-34.28131368
SAINTS,138.34054555,-34.15430733
KARCULTABY,134.9644878,-32.76366091
FREWVILLE,138.63118833,-34.94797425
WILLOW SPRINGS,138.88383345,-31.47215127
WILLOW BANKS,139.34548027,-35.05569587
MORTLOCK SIDING,135.70813773,-34.41266636
LANGPORT,137.56390746,-34.06707642
CADNIA,138.60544749,-30.77041644
MOOROWIE,137.4217061,-35.09893875
MOOTATUNGA,140.83807689,-34.94945657
MULPATA,140.39639694,-35.15429655
PORT TURTON,137.36274744,-34.93577642
SOUTH GOOLWA,138.77941718,-35.51225648
WALL,139.32327713,-34.9643265
CHAPMANTON,138.49933743,-31.94444645
BARTON,139.13732719,-34.41838649
COOK,130.41419861,-30.61214624
INVERBRACKIE,138.89484719,-34.97252648
KONGOLIA,139.36589714,-34.6544465
OAKLANDS,137.68841739,-34.98741643
RANDELL LOOKOUT,138.14474754,-30.84404642
MULYUNGARIE,140.7582495,-31.42760879
PURNONG LANDING,139.61754709,-34.85440651
LEIGH CREEK SOUTH,138.40027752,-30.59238643
PARA WURLIE,137.19568215,-34.89894672
PORT CLINTON,138.02044438,-34.22384244
WILKAWATT,140.36186693,-35.37032655
BLAKISTON PARK,138.87963719,-35.04520648
BUTLER TANKS,136.17667767,-34.10684637
ERNABALLA,132.13222845,-26.28857623
ININTI HOMELAND,139.30982761,-27.01942645
OXFORD LANDING,139.8571171,-34.09494652
ELBOW HILL,136.79766759,-33.71806639
CHANDLER RAILWAY STATION,133.36989829,-26.96840626
GLENCOE WEST,140.58062672,-37.66966658
IRON DUKE,137.11665757,-33.2819164
MINTABIE,140.16465697,-35.26923654
NORTON SUMMIT,138.73599752,-34.918432
YARRAMBA,140.58023204,-31.58300603
CHUNDARIA,132.65296714,-31.41008034
KOPPAMURRA,140.9032876,-37.04864858
MOUNT IVE,136.04673418,-32.51430987
WOOLPUNDA,140.20010221,-34.24716728
BURRA EASTERN DISTRICTS,139.24686734,-33.63732202
BOONERDO,135.97621347,-33.56245588
LOWBANK,140.07351748,-34.18460459
KUDLA,138.70415736,-34.64099915
WATRABA,133.21444106,-31.97354625
MIMILI,132.70130208,-27.02391156
WATTLE RANGE,140.50701687,-37.4273094
ALTONA,138.91739155,-34.60173764
BLACK SPRINGS,138.8754966,-33.90259039
RISDON PARK,137.96430093,-33.19346714
COWARIE,138.49630924,-27.53577645
NEW WELL,139.90412972,-34.37340551
DALKEY,138.42608739,-34.18732815
KARKOO,135.72924374,-34.03283236
DANGGALI,140.75459362,-33.32370998
SURREY DOWNS,138.71152098,-34.79950419
DIREK,138.60912677,-34.72342145
MERCUNDA,140.03317853,-34.63817627
ROYAL PARK,138.50742278,-34.87081979
THRINGTON,137.83472777,-34.01193023
GAWLER BELT,138.72880637,-34.57196815
YUMBARRA,133.61003849,-31.68962268
NORTHGATE,138.63026019,-34.85727468
PEEBINGA,140.91022514,-34.92952403
WEETULTA,137.62543698,-34.23441981
MANNERS WELL,138.71097394,-30.63287718
POLISH HILL RIVER,138.67331401,-33.88352818
NUNJIKOMPITA,134.3795102,-32.20611588
NARRIDY,138.30529511,-33.42550225
MORPHETTS FLAT,139.6847108,-34.05468951
STRZELECKI DESERT,139.67977233,-28.6924591
NUROM,138.10000782,-33.31760289
KORUNYE,138.51627845,-34.5306531
ANDREWS,138.63993831,-33.61766762
KATUNGA STATION,137.10024312,-32.78289522
BURNSIDE,138.66661868,-34.94006537
MCCALLUM,140.66641933,-35.97987153
KYEEMA,138.6750585,-35.27657148
POOGINOOK,140.09878972,-34.11709406
PARIS CREEK,138.80024869,-35.21850311
BANGOR,138.15996037,-32.95004514
BURTON,138.60009218,-34.73768541
WILLOCHRA,138.13897486,-32.22731774
EASTWOOD,138.62172466,-34.94226449
ATHOL PARK,138.54283183,-34.85606213
ROSEWORTHY,138.74675128,-34.5332896
NILDOTTIE,139.65175209,-34.67631351
PIMBA,136.79416682,-31.25700982
PURNONG,139.62369884,-34.85423542
LOWALDIE,139.99097701,-35.05193653
MOOMBA,140.20289744,-28.10836649
MYORA,135.56122778,-33.83329635
DUNCAN,137.1309616,-35.75767548
BARNA,136.70484574,-33.17469497
YALANDA,136.70463703,-33.27606364
KANPI,130.11495216,-26.1629363
BOSWORTH,137.51885087,-30.93651024
WITCHELINA,137.91211907,-30.12069779
NYAPARI,130.20709677,-26.18247991
HAMBIDGE,135.92348516,-33.40283038
CALOMBA,138.40897548,-34.39409868
FARINA STATION,138.25194226,-30.06680247
NEPABUNNA,138.98053745,-30.58193146
DISMAL SWAMP,140.73364548,-37.69549468
COOTRA,135.94676038,-33.2662405
LEIGHTON,138.76695807,-33.64771105
INNAMINCKA,140.73926769,-27.74513042
SIMPSON DESERT,137.43260285,-26.67803734
BINDARRAH,140.67444115,-32.09836894
CAREW,140.48664718,-36.29308105
NANGULA SPRINGS,140.40469675,-37.63506657
SNUGGERY,139.93904691,-36.56837654
WINTAWATA HOMELAND,130.98735858,-26.15977622
THISTLE ISLAND,136.11660764,-34.96658638
EAST WELLINGTON,139.39706709,-35.32224651
CHARLTON,138.24790741,-33.01853644
HESSO,137.41641758,-32.1243664
PARA WIRRA,138.63574726,-34.61165647
STENHOUSE BAY,136.93827749,-35.27528641
GEEGEELA,140.83621676,-36.62374658
O.B. FLAT,140.77508667,-37.88627659
BARUNGA NORTH,138.0847374,-33.66285644
MOUNT RAT,137.61960742,-34.62817643
WESTON FLAT,139.82387711,-34.03701652
CASTINE SPRING,135.51027798,-28.93011632
CROZIER DAM,140.43665719,-31.53748653
JENKINS PARK,137.55812751,-33.02645642
SPILSBY ISLAND,136.34379762,-34.66228638
WATERHOUSE BAY,136.19322763,-35.04346638
BLANCHE TOWN,139.61268712,-34.35217651
GEORGE TOWN,138.58620734,-33.36638646
RED BANKS,140.46729676,-37.35439657
LOXTON EAST,140.57812696,-34.45334656
WILTON HALL,139.05436719,-34.55479649
KILKERRAN,137.58931744,-34.32666642
STONEFIELD,139.30196717,-34.3472665
KINGSTON,139.84867091,-36.83258854
SHANNON LODGE,138.58266726,-34.71248647
TUSCAN,140.302007,-34.57287654
HOGWASH BEND,139.8558771,-34.06649652
NOORA,140.85677692,-34.43755657
BUCCLEUCH,139.87817701,-35.33385653
POMPOOTA,139.36530643,-34.99305574
WAYVILLE,138.59144374,-34.94485754
COOKE PLAINS,139.56171506,-35.37971751
HENLEY BEACH SOUTH,138.50130473,-34.92988039
NEW PORT,138.49545427,-34.84427046
KESWICK,138.57777648,-34.94438598
PORT GAWLER,138.44332747,-34.66932884
SHERLOCK,139.80222583,-35.31977469
GLEN OSMOND,138.64892594,-34.95952025
TAILEM BEND,139.45517914,-35.25532296
SEFTON PARK,138.60651433,-34.8761976
NALYAPPA,137.54504815,-34.16313229
BLAKEVIEW,138.71006368,-34.67562741
GERMAN CREEK,140.49702763,-37.82844975
BUTLER,136.16743668,-34.07763938
BEAUMONT,138.65937578,-34.94996727
ST GEORGES,138.64787751,-34.95198673
DUDLEY PARK,138.57919084,-34.88007088
KILBURN,138.58558432,-34.85968764
ELWOMPLE,139.55748691,-35.3079791
MOORLANDS,139.67283023,-35.28184639
BROADVIEW,138.61502332,-34.8759313
HAZELWOOD PARK,138.65615023,-34.93925496
BEDFORD PARK,138.56984101,-35.02341666
KUITPO COLONY,138.69448065,-35.28444498
ELIZABETH DOWNS,138.69364824,-34.6993307
LIGHTSVIEW,138.62732803,-34.86194084
HENLEY BEACH,138.49868817,-34.91592249
NAILSWORTH,138.60619407,-34.88435406
MIDDLE BEACH,138.44406542,-34.59892609
HILLBANK,138.68730028,-34.73514649
MOUNT MAGNIFICENT,138.69654224,-35.31042842
HINDMARSH TIERS,138.55581697,-35.41784596
NORTHFIELD,138.62548908,-34.84988856
WALLAROO PLAIN,137.68430905,-33.8702418
CANUNDA,140.28973369,-37.7051048
MULGA VIEW,139.06715961,-30.89526935
KAROONDA,139.89724749,-35.09297668
NORTH BEACH,137.63228406,-33.90270148
UNDERDALE,138.54909938,-34.9195343
BACK VALLEY,138.50375558,-35.54206778
NANGKITA,138.67887862,-35.34418706
GREENACRES,138.6280034,-34.86853557
FULHAM,138.51367034,-34.92736123
TEPKO,139.2043247,-34.973601
RIDLEYTON,138.57046136,-34.89418371
MURRAY BRIDGE SOUTH,139.27665808,-35.16626083
ALTON DOWNS STATION,138.97186957,-26.31995409
WITJIRA,135.67495639,-26.33848912
GERARD,140.4985032,-34.35314891
EBENEZER,139.01778345,-34.41714137
WILCOWIE,138.80190402,-32.10115908
YUDNAPINNA,137.05296077,-32.06597425
YEELANNA,135.72937874,-34.14071936
EURELIA,138.56266511,-32.55287821
BUNDEY,139.27507564,-33.88104772
PINKAWILLINIE,135.96915056,-33.00236044
BINNUM,140.86747728,-36.78367309
WOMPINIE,140.80988485,-31.9685058
MYOLA STATION,137.22321092,-33.00667396
MOSELEY,136.50282997,-33.0506163
PUNTABIE,134.11228999,-32.23659198
NORTH HILLS,138.84529027,-32.38339231
ERINDALE,138.66389343,-34.92888301
MAGGEA,140.0659925,-34.47549209
KOONIBBA,133.42504216,-31.90341829
MOYHALL,140.66872494,-37.04188101
MURRAY BRIDGE EAST,139.31325032,-35.11729287
QUONDONG,140.40562093,-33.04027155
DOWLINGVILLE,137.92893537,-34.34651471
YAMBA,140.89049997,-34.28949586
MOUNT WILLOUGHBY,134.16801743,-28.42340592
LINDLEY,139.61370376,-33.88617303
BULGUNNIA,134.71577114,-30.18892939
RIVERGLADES,139.30055015,-35.09972504
MOUNT COOPER,134.77798808,-33.00875303
CAROLINE,140.92077048,-37.92626898
HOLDER SIDING,140.0568568,-34.32438311
NECTAR BROOK,137.99916597,-32.71087354
SANDY CREEK,138.83583173,-34.60264622
MOORAK,140.68803815,-37.87319571
COOBER PEDY,134.74857807,-29.0074163
EXETER,138.49078191,-34.83847364
PUNYELROO,139.59703904,-34.61056254
BOOLCOOMATTA,140.59781825,-31.92296166
BEVERLEY,138.54634874,-34.89527259
KUITPO,138.68144237,-35.21489619
MURDINGA,135.70864586,-33.72207418
WIGLEY FLAT,140.23047003,-34.17959106
YATALA VALE,138.74056016,-34.79400342
MUDAMUCKLA,134.04377751,-32.15839397
NGARKAT,140.59539991,-35.72981727
COLES,140.51506812,-37.24972875
LYNTON,138.60740705,-34.99733356
NAIDIA,139.83316873,-34.50727224
RISDON PARK SOUTH,137.97437916,-33.21780456
CAVENAGH,138.99564652,-32.66934968
ALDGATE,138.7394665,-35.01631905
MAROLA,138.52966399,-33.66412857
IRON KNOB,137.15064759,-32.7320364
MUNDULLA,140.69276197,-36.36023561
MOUNT VIVIAN,135.81463961,-30.59493088
EDINBURGH NORTH,138.65813504,-34.70432111
MUTOOROO,140.56612581,-32.7106421
OAKVALE STATION,140.82933926,-32.95293643
GRAMPUS,139.53044123,-32.8063653
SHAGGY RIDGE,138.74709274,-31.79771232
INGLEWOOD,138.79202228,-34.80215795
PANDURRA,137.30325407,-32.55787583
STONYFELL,138.67678642,-34.93417368
WINTINNA,133.84219594,-27.80517555
STUART,139.77936768,-33.95652083
BACKY POINT,137.78737315,-32.91219469
FORSTER,139.56330314,-34.73579484
TIEYON,133.88991489,-26.34244464
AYERS RANGE SOUTH,133.2680243,-26.19051971
IWANTJA,133.30669541,-26.97803786
BON BON,135.50337758,-30.58970732
CALTOWIE NORTH,138.48252431,-33.11837828
CLAYTON STATION,138.43871998,-29.31074455
JAMIESON,136.39968663,-33.43590829
WILLIAM CREEK,136.34014779,-28.90876951
LONG PLAINS,138.35279887,-34.34734043
VEITCH,140.50990491,-34.66009476
LAKE VIEW,138.22831938,-33.63616845
HAMMOND,138.31428217,-32.52205871
COCATA,135.251417,-33.25540178
STOCKWELL,139.05938298,-34.44115886
WILLYAROO,138.91973658,-35.280957
YANTANABIE,134.63626375,-32.48325772
MCDOUALL PEAK,135.24686808,-29.70680565
CANEGRASS,140.10721423,-33.52666314
MILLERS CREEK,136.01860376,-30.01696451
CARAWA,134.20108212,-32.33359356
WILLOWIE,138.32727384,-32.68753002
BOWDEN,138.57998855,-34.90289658
OULNINA PARK,139.86237813,-32.60242798
COLLINSWOOD,138.61224865,-34.88728801
PARACHILNA,138.39566811,-31.13347161
WONUARRA,140.89664072,-34.20006488
ANDAMOOKA,137.1664477,-30.44704638
GOMERSAL,138.89746513,-34.53484577
DOUGLAS POINT,137.80649181,-32.84974025
ST KITTS,139.0793417,-34.35897502
HOPE GAP,138.20039501,-33.6558582
ILLEROO,137.4441643,-32.49191045
ALLANDALE STATION,135.60606089,-27.67613939
ARTHURTON,137.75556742,-34.25915643
WINGFIELD,138.55415636,-34.83812581
WEST CROYDON,138.55904014,-34.88899559
LOXTON NORTH,140.62314279,-34.41880366
QUINYAMBIE,140.6565098,-30.30911894
MOUNT GEORGE,138.76442906,-34.99217008
HARDWICKE BAY,137.45804643,-34.89172942
JAMES WELL,137.89765777,-34.4863846
BROWNLOW KI,137.6074023,-35.67171615
ANDAMOOKA STATION,137.16870825,-30.58922695
PORT VICTORIA,137.48368745,-34.49710642
BALAH,139.84832273,-33.66492519
HEWETT,138.75181357,-34.57757969
KYBUNGA,138.51548273,-33.93104339
DARKE PEAK,136.2005977,-33.46839637
ROSETOWN,139.85683941,-36.81979305
DAW PARK,138.58778026,-34.98537321
NACKARA,139.24511268,-32.80055412
ALDINGA BEACH,138.45830753,-35.29318106
JULIA,139.00792647,-34.12444865
MARBLE HILL,138.75589149,-34.92497318
LOWER BROUGHTON,137.95762609,-33.31988394
BUNYUNG,139.79922806,-33.81997758
WILGENA,134.85979349,-30.73287914
WILLASTON,138.7411586,-34.58634328
LAKE TORRENS STATION,137.97221794,-31.66078529
NANGWARRY,140.81687669,-37.54204659
WIRRAMINNA,136.32114358,-31.21830058
WADDIKEE,136.25211536,-33.31684941
GAWLER SOUTH,138.7498476,-34.61135595
BROWN HILL CREEK,138.65030586,-34.98424261
PORT KENNY,134.6819866,-33.1672362
SADDLEWORTH,138.7914821,-34.07649076
MANNANARIE,138.64422575,-33.03880194
YADLAMALKA,137.85142166,-31.93798872
VENUS BAY,134.67197937,-33.23377149
ALPANA,138.55020484,-31.11211415
KEITH,140.35549688,-36.09762656
VINE VALE,139.00447675,-34.52154568
FREELING,138.81188131,-34.45512155
GIFFORD HILL,139.22450174,-35.16366616
BLACKFORD,140.0459593,-36.77799378
COLONEL LIGHT GARDENS,138.594675,-34.98360216
WHITE HILL,139.20934554,-35.13908472
YANINEE,135.27366258,-32.94616127
SOUTH GAP,137.55556551,-31.68425189
EUDUNDA,139.08658151,-34.17747843
WINTABATINYANA,138.1613559,-31.43734434
ANTECHAMBER BAY,138.06070724,-35.78908975
GRANGE,138.49741391,-34.89582563
FOREST RANGE,138.80013006,-34.93083484
DEVON PARK,138.57977934,-34.88763411
ANNADALE,139.37209372,-34.39695981
WILLALOOKA,140.34223816,-36.35995805
UNO,136.59966075,-32.78927126
HAHNDORF,138.8101454,-35.03352174
GREENOCK,138.92579637,-34.44499034
NORTH SHIELDS,135.85184687,-34.6104018
ADELAIDE AIRPORT,138.53081281,-34.94614133
HILLTOWN,138.63639602,-33.68653175
YELTANA,136.31130208,-32.78077905
TOTHILL BELT,138.93721377,-34.00637752
LENSWOOD,138.83261721,-34.91820648
LOBETHAL,138.87398584,-34.90154089
TIATUKIA,135.83386579,-34.65974871
QUEENSTOWN,138.51034985,-34.86092169
TOOTENILLA,135.78987612,-34.64443597
GILLMAN,138.52623326,-34.83351307
LINCOLN GAP,137.57370048,-32.54927645
BRAHMA LODGE,138.65307414,-34.77588241
KILKENNY,138.55290065,-34.8791542
PORT HUGHES,137.55211719,-34.07594595
BRIMBAGO,140.48886911,-36.18754208
PORT PATERSON,137.82982697,-32.55453823
HOVE,138.52264299,-35.01118669
WILMINGTON,138.10032034,-32.65094381
MONARTO SOUTH,139.12621273,-35.17276982
THORNLEA,140.18810086,-37.42303373
PETERHEAD,138.49992768,-34.83120548
GIDGEALPA,140.23631322,-28.02877379
KINGSTON SE,139.84865364,-36.83256568
MULOORINA,137.95137468,-29.32616707
BIRDWOOD,138.96431719,-34.81932948
KOOROONA,137.58111528,-34.08845918
STRATHALBYN,138.88984018,-35.25888848
GLENELG NORTH,138.51788071,-34.96874131
URRBRAE,138.63862314,-34.96813662
WARRADALE,138.53563516,-35.0073862
NURIOOTPA,138.98304382,-34.46566105
BELAIR,138.64364307,-35.00644334
MOONTA BAY,137.56901712,-34.05970167
HIGHGATE,138.62168138,-34.9616301
DEVLINS POUND,140.17931458,-34.11155015
KANMANTOO,139.00326907,-35.06542897
WOODCHESTER,138.96495913,-35.20763407
ROSEWATER,138.52132935,-34.85250437
KINGSWOOD,138.61382067,-34.97080629
TYRINGA,134.46141752,-33.10347872
BILLEROO WEST,140.06435855,-31.41611635
MOUNT FALKLAND,138.48619451,-31.15196126
EDIACARA,138.14328741,-30.81899881
BELTANA STATION,138.15689109,-30.68462547
HATHERLEIGH,140.27446544,-37.49070396
WOODS POINT,139.3808581,-35.2201025
COWANDILLA,138.55692832,-34.932456
KEILIRA,140.15839896,-36.64008857
TOORAK GARDENS,138.63750147,-34.93331868
NENE VALLEY,140.52536146,-37.97295246
OAKBANK,138.85830436,-34.9804253
NELSHABY,138.1174362,-33.1226613
MAGILL,138.67498392,-34.90909981
NOVAR GARDENS,138.53166154,-34.9659634
GLENALTA,138.6282185,-35.01192075
WILLAMULKA,137.828354,-33.92266976
PORT ARTHUR,138.08035179,-34.11476908
WOOLSHEDS,138.64482395,-34.48613514
WARRAWEENA,138.67650829,-30.80748847
CALLANNA,137.63057861,-29.59742958
MYRTLE SPRINGS,138.25544949,-30.35197355
BROOKLYN PARK,138.54476839,-34.93010598
MALPAS,140.62179968,-34.7198241
PIRIE EAST,137.99914401,-33.26178666
GREENWITH,138.71419716,-34.76487918
JOSLIN,138.62656029,-34.89966057
HYNAM,140.85994852,-36.93774461
ISLAND BEACH,137.80508916,-35.79844801
GULFVIEW HEIGHTS,138.669369,-34.79556081
PORT JULIA,137.87789937,-34.66386344
SWANPORT,139.30425835,-35.15443382
BLACK FOREST,138.57667925,-34.9602687
MYRTLE BANK,138.63379331,-34.96055901
HAWTHORNDENE,138.63855073,-35.02544225
CROYDON PARK,138.5674947,-34.88024464
PENOLA,140.83465779,-37.37141756
ROSTREVOR,138.69183402,-34.89384461
POOCHERA,134.83909695,-32.72004295
GREENBANKS,139.34913332,-35.05502334
GLENSIDE,138.63375981,-34.94273162
MOUNT BARKER SPRINGS,138.91975687,-35.09104947
STANLEY FLAT,138.60509118,-33.79348911
ALFORD,137.82207743,-33.81556643
MALINONG,139.51568531,-35.51059946
MINBURRA PLAIN,138.99567702,-32.50445654
TOTNESS,138.84322226,-35.04754614
GOODWOOD,138.59252583,-34.95106407
WEPAR,140.71999079,-37.62380044
GLYNDE,138.65253785,-34.89603457
PARA VISTA,138.66278627,-34.82838078
REYNELLA,138.52163111,-35.09656474
BLYTH,138.48922033,-33.84591546
WINNININNIE,139.76853041,-32.45601996
SOUTH HUMMOCKS,138.11556256,-34.03231796
GUM CREEK STATION,138.65546013,-31.21388417
MIL-LEL,140.87555482,-37.77321633
HOLDEN HILL,138.67232016,-34.85159826
MILLSWOOD,138.58950906,-34.95724626
WESTERN FLAT,140.7018983,-36.56771798
TROTT PARK,138.54011862,-35.07132371
MENZIES,137.43858919,-35.68375568
WHYALLA JENKINS,137.50810448,-33.0271887
HANSON,138.84842554,-33.75617777
PORT MANNUM,139.30367148,-34.92550188
OB FLAT,140.77613489,-37.8905124
DERNANCOURT,138.67659224,-34.8619778
PORT LINCOLN,135.85051734,-34.73019037
HINDMARSH,138.56994985,-34.90662931
TORRENSVILLE,138.55980153,-34.91979105
SEACLIFF,138.52062331,-35.03227073
CAREY GULLY,138.76939277,-34.96773351
ARMAGH,138.5746775,-33.82497504
ALDINGA,138.48357105,-35.27062301
HALLELUJAH HILLS,139.05407503,-33.87828493
TRANMERE,138.66212425,-34.90548214
LAURA,138.30162477,-33.18507453
BLANCHE HARBOR,137.75411821,-32.69007512
SUTTONTOWN,140.75795001,-37.78209082
BIBARINGA,138.76755854,-34.64111264
MIDDLETON,138.71054285,-35.4843621
HAMLEY BRIDGE,138.68263627,-34.35677147
ULOOLOO,138.93705501,-33.31391497
RUDALL,136.27069727,-33.69070864
DUDLEY EAST,137.96884316,-35.789071
WALTOWA,139.43280203,-35.62588909
KEPPOCH,140.57937876,-36.73863656
MOUNT VICTOR STATION,139.70273069,-32.06559328
FINNISS,138.82419718,-35.38372648
THE PINES,137.16681347,-34.91415041
WRATTONBULLY,140.92525934,-37.15000706
MAGAREY,140.09084702,-37.41706203
WORROLONG,140.8308648,-37.80690469
MOUNT MCINTYRE,140.54615595,-37.57361845
PARAFIELD,138.63110144,-34.7961227
STOCKPORT,138.73667903,-34.32903028
GOOLWA NORTH,138.80877899,-35.48467024
KRONGART,140.76617191,-37.4837653
ATHELSTONE,138.70544375,-34.87146727
MOUNT SCHANK,140.6987846,-37.94462984
MEDINDIE GARDENS,138.60605071,-34.89215831
DUCK PONDS,135.7652195,-34.7254637
MOUNT BARKER,138.86347429,-35.0808896
KALANGADOO,140.7013967,-37.56373658
SUMMERTOWN,138.72538089,-34.95916792
THE GAP,140.70631041,-36.70251229
HOPE VALLEY,138.69602936,-34.84536144
ANDREWS FARM,138.65950902,-34.67494265
WARNERTOWN,138.1132346,-33.23516203
WAUKARINGA,139.43751642,-32.29919243
GUM CREEK,138.76551786,-33.71284645
CYGNET RIVER,137.51953937,-35.69827643
MASLIN BEACH,138.48062288,-35.23236363
FALSE BAY,137.64445575,-32.94672288
MONBULLA,140.73684648,-37.39665116
ANGAS,137.63700736,-35.65450643
LANDCROSS FARM,138.50862724,-35.21018647
NUNDROO,132.21650834,-31.78714627
MYPOLONGA,139.35580777,-35.04044121
NANGARI,137.91659749,-32.54983643
CLARENCE PARK,138.58365637,-34.96397125
GILLES PLAINS,138.65908403,-34.85003278
PARA HILLS WEST,138.64437042,-34.80346189
CROYDON,138.56556838,-34.89515791
TANTANOOLA,140.45691674,-37.69596657
AULDANA,138.68689808,-34.91799875
RAMCO,139.94592409,-34.17010595
MERIBAH,140.851966,-34.70385197
GURRAI RAILWAY STATION,140.60406691,-35.12178656
LITTLE SWAMP,135.79405771,-34.69337637
NATIVE VALLEY,138.98070718,-35.02829649
ELIZABETH FIELD,138.67187725,-34.68447647
HAWKSHAW,138.38705743,-32.26019644
KULKAMI,140.28381696,-35.15555655
LANGHORNE,139.02987715,-35.29663649
FREGON,132.03054845,-26.76466623
SLEAFORD BAY,135.73141771,-34.89383637
POYNTON,137.34933322,-33.23266656
RANDELL,137.4091202,-33.07669413
STURDEE,132.31454489,-31.92048977
WARCOWIE,138.68045452,-31.68216366
WOOKATA,132.13997928,-31.90200326
WOOLYANA,138.36042914,-31.62164143
PORT FLINDERS,138.03352211,-33.10199655
GILLEN,137.71209934,-32.59741928
ERITH,138.39727806,-34.22356678
LINCOLN,135.93016526,-34.70212443
TRIHI,140.60794339,-37.50877898
ANAGU PITJANTJATARA YANKUNYTJATARA,131.31977171,-27.05796963
BELTANA SOUTH,138.15693671,-30.68558715
ALEXANDRINA,139.00620129,-35.45238363
ASH,137.22744588,-33.08356914
BAGSTER,133.15093671,-31.86912273
BREMER,139.02336533,-35.40341467
BRINKLEY,139.24312105,-35.23661408
BRINKLEY,139.22766207,-35.38720973
BURGOYNE,133.02722152,-31.86854417
CALDWELL,132.42876009,-31.88393064
CROZIER,137.84303948,-32.34433646
CULTANA,137.64741854,-32.90749424
EDEOWIE,138.40403391,-31.45065078
FREELING,138.81313854,-34.4474896
JENKINS,137.69916385,-32.7794167
KEVIN,132.99845042,-32.03430167
PETHICK,134.03887307,-31.91678039
BEETALOO,138.20892218,-33.16987556
TEPCO,140.77687723,-32.291771
BURRUNGULE,140.59180671,-37.7855537
KIELPA,136.22500113,-33.58612156
GLUEPOT,140.16050726,-33.75343742
LOCKES CLAYPAN,135.08178623,-32.47505159
RENMARK,140.74808297,-34.16762668
MURNINNIE BEACH,137.37509507,-33.31734015
SEAFORD MEADOWS,138.48716236,-35.17118665
PAYNEHAM SOUTH,138.64448271,-34.90479228
BANGHAM,140.88028585,-36.58148564
MOERLONG,140.70517176,-37.48418184
PAECHTOWN,138.81662726,-35.05393995
MITCHELL PARK,138.56232832,-35.00505234
TRURO,139.12732119,-34.40863649
ROCKY PLAIN,139.1526154,-34.02264617
BELTON,138.70981026,-32.22688074
CHITON,138.6570529,-35.53021312
MACDONALD PARK,138.64078107,-34.67000578
NEALES FLAT,139.18770719,-34.22587073
COWLEDS LANDING,137.44253752,-33.15593841
KINGS PARK,138.59273827,-34.96357324
BOSTON,135.82642166,-34.68192436
TARLEE,138.77125526,-34.27159147
HAYBOROUGH,138.65043016,-35.53152304
HAWSON,135.78693677,-34.68156535
POORAKA,138.62287723,-34.82569491
POINT TURTON,137.35492544,-34.94619342
HAMPDEN,139.01280859,-34.15688716
TAPLAN,140.88632578,-34.58809111
UNLEY,138.60648014,-34.94830182
MINVALARA,138.80518866,-32.85496804
SEAFORD,138.47727001,-35.18579193
COONAWARRA,140.88297096,-37.29226473
KAPUNDA,138.91515123,-34.34132848
ASCOT PARK,138.56101248,-34.98811922
RIVERGLEN,139.30688523,-35.16926264
NARRINA,138.844886,-30.92789543
NATURI,139.56689978,-35.20559529
JERVOIS,139.43645067,-35.26497864
BLAIR ATHOL,138.59655042,-34.85923472
WYNARKA,139.73050957,-35.13281847
GLENELG SOUTH,138.51472256,-34.98827137
LINDEN PARK,138.64728214,-34.94357949
GEPPS CROSS,138.60440164,-34.84239023
MOUNT OBSERVATION,138.75506907,-35.34950717
LOCKLEYS,138.53094829,-34.92501747
FULHAM GARDENS,138.51324056,-34.91482475
ENFIELD,138.60539555,-34.86063402
WEST LAKES SHORE,138.48494238,-34.8658132
MILE END,138.5711185,-34.92633482
SILVERTON,138.16492107,-35.61314458
VIRGINIA,138.57133676,-34.66261819
ELIZABETH PARK,138.68522514,-34.71231687
TOOPERANG,138.71043268,-35.37848281
PEAKE,139.95362465,-35.36408178
CLOVELLY PARK,138.57084319,-34.99846556
CRAIGMORE,138.70955427,-34.70063394
WILLUNGA HILL,138.58847931,-35.3013847
SEATON,138.51295912,-34.89334948
PROSPECT,138.59286488,-34.88272782
WEST LAKES,138.49468471,-34.873231
WELLINGTON EAST,139.39651009,-35.32508351
YUMALI,139.75781902,-35.50844152
MOSQUITO HILL,138.68616187,-35.41777513
RIVERLEA PARK,138.52059274,-34.66205473
SEMAPHORE SOUTH,138.48053941,-34.84717804
ETHELTON,138.49013207,-34.84882864
PORT NOARLUNGA,138.47055345,-35.15070468
MUNNO PARA,138.69001276,-34.66558129
PAGES FLAT,138.54771852,-35.33533181
MONTEITH,139.31772648,-35.16965562
HILLIER,138.69491288,-34.62335414
TENNYSON,138.48819192,-34.89462855
CLEARVIEW,138.61378317,-34.85738224
SEMAPHORE PARK,138.48539421,-34.85571025
MILE END SOUTH,138.57393004,-34.93694195
YUNDI,138.63162916,-35.31303548
BUCKLAND PARK,138.50665226,-34.68403044
SAMPSON FLAT,138.79156118,-34.74899694
ASHBOURNE,138.76361163,-35.29999742
SANDERGROVE,138.8581193,-35.3232713
FORRESTON,138.9003582,-34.79686248
TONSLEY,138.57100001,-35.00970273
EVANSTON SOUTH,138.72604775,-34.64806166
CHRISTIES BEACH,138.47760465,-35.13475115
SMITHFIELD PLAINS,138.67683897,-34.67676046
MUNNO PARA DOWNS,138.68610424,-34.6473957
CAMDEN PARK,138.54139504,-34.96713328
TWO WELLS,138.52472746,-34.60202193
KESWICK TERMINAL,138.57969253,-34.93622863
KEPA,139.43447042,-35.15544982
COOMANDOOK,139.69687703,-35.47012752
PORT ADELAIDE,138.51236021,-34.83426943
MUNNO PARA WEST,138.6698066,-34.65726041
SMITHFIELD,138.68624808,-34.68485327
DEEPWATER,139.8191896,-36.13422888
OAKDEN,138.64330097,-34.85276386
KRINGIN,140.78286192,-34.98513462
BENDA,140.11206727,-32.65326665
KALANBI,133.67255307,-31.94883154
ROCKY CAMP,140.40781135,-37.57888722
FULLARTON,138.62635433,-34.95403961
KENSINGTON,138.64561003,-34.92373747
BUGLE RANGES,138.87167546,-35.13264707
MARREE STATION,138.07459057,-29.59958561
COOMBE,140.27271036,-35.98212609
MAMBRAY CREEK,137.96520322,-32.81304211
MYPONGA BEACH,138.39050342,-35.38484815
PORT MACDONNELL,140.69864506,-38.05352277
BELLEVUE HEIGHTS,138.583134,-35.03021679
LEAWOOD GARDENS,138.66966934,-34.97138222
PASADENA,138.58862657,-35.00272907
IRONBANK,138.6877455,-35.04277981
NETHERTON,139.96741334,-35.50905572
BOOL LAGOON,140.68496226,-37.15068628
CLINTON,138.01981277,-34.22378424
RENMARK SOUTH,140.72193862,-34.21162437
PINERY,138.43318645,-34.2990746
MIDDLEBACK RANGE,137.25713496,-33.18148454
COPEVILLE,139.84816229,-34.79601125
WIRREALPA,139.15014735,-31.18993458
WOODSIDE,138.90621676,-34.95381349
PARK HOLME,138.55218297,-34.98889982
CURRAMULKA,137.7110774,-34.69735643
STEWART RANGE,140.55522787,-36.94724088
TANUNDA,138.96027793,-34.52177446
WOOLSHED FLAT,138.64250093,-34.1159627
ANNA CREEK,136.20420154,-28.75292264
CAPE DOUGLAS,140.59822607,-38.00663384
MODBURY NORTH,138.68108756,-34.82315021
CASSINI,137.30302024,-35.67972356
POINT SOUTTAR,137.26015446,-34.89793742
CAMPBELLTOWN,138.66086394,-34.88135502
LAURA BAY,133.83200499,-32.22807688
LAKE PLAINS,139.04338531,-35.36284771
CAMPOONA,136.40833192,-33.54570802
OLD NOARLUNGA,138.50367533,-35.18271242
NORTH BOOBOROWIE,138.80410458,-33.49986628
ARNO BAY,136.56905596,-33.9093099
YOUNGHUSBAND HOLDINGS,139.54955644,-34.87447618
MOUNT HOPE,135.35435731,-34.10911757
STIRLING NORTH,137.86360466,-32.50858631
CLARE,138.61275876,-33.83978528
CANOWIE BELT,138.78022929,-33.17792349
TUNKALILLA,138.3397343,-35.61655871
WERTALOONA,139.43950372,-30.94519034
MARION BAY,136.97933249,-35.24044041
KIANA,135.34899696,-33.99564003
GREENWAYS,140.16346321,-37.20576752
LIPSON,136.13767615,-34.29266159
FLINDERS CHASE,136.70085999,-35.88043524
SALEM,139.02198473,-35.14993068
REDHILL,138.20126086,-33.52780679
CAPE BORDA,136.72516294,-35.75425717
WOKURNA,138.04360301,-33.71080719
CUTTLEFISH BAY,138.03007271,-35.75486714
PELLARING FLAT,139.38993696,-34.86210108
WOODVILLE SOUTH,138.53612442,-34.88849381
MAWSON LAKES,138.6111756,-34.81046385
KINGSTON PARK,138.5177148,-35.03874782
LAKE TORRENS,137.7532426,-31.00108332
FLINDERS RANGES,138.48951968,-31.49333509
BEACHPORT,140.00982263,-37.4820817
HALLETT COVE,138.51082884,-35.07273389
CAMBRAI,139.32914456,-34.67908769
WINNINOWIE,137.90700885,-32.62226251
MORGAN,139.66905181,-34.03313132
RENMARK NORTH,140.74704814,-34.12165428
WINKIE,140.52094929,-34.30587096
ROBE,139.75414056,-37.16404391
FINDON,138.53219856,-34.89951073
ROBERTSTOWN,139.07259514,-33.99071178
MANNUM,139.33102003,-34.85282736
BOOKPURNONG,140.62025859,-34.35702287
NARRUNG,139.18156208,-35.51410682
RAPID BAY,138.19089527,-35.52611746
HECTORVILLE,138.66568636,-34.89304467
ROCHESTER,138.49863902,-33.69923806
PINE HILL,140.89646916,-36.28881791
TILLEY SWAMP,139.90527696,-36.35252335
BIRCHMORE,137.48299935,-35.78061598
WAIKERIE,139.98394502,-34.18251996
LEIGH CREEK STATION,138.50506793,-30.39004831
ST MARYS,138.57984154,-35.00421708
GEMMELLS,138.89545122,-35.17870028
STONE WELL,138.95647769,-34.50047506
SOMERTON PARK,138.51985905,-34.99646319
HAWKER,138.42346506,-31.88959106
DOUGLAS POINT SOUTH,137.79483825,-32.88138869
MILANG,138.97268719,-35.40469756
RAMSAY,137.72251967,-34.81675284
VIVONNE BAY,137.18042242,-35.98143142
LONSDALE,138.49234302,-35.10662572
WITCHITIE,138.96522971,-32.15818818
UNGARRA,136.04803369,-34.18011837
PORT DAVIS,137.87942051,-33.2388631
LITTLE DOUGLAS,135.38665278,-34.52806435
OLD CALPERUM,140.68030073,-34.21780844
NEPEAN BAY,137.67694767,-35.74358783
CALLINGTON,139.04626526,-35.11454232
BLINMAN,138.67878653,-31.09233663
VISTA,138.73091107,-34.83582671
PENNESHAW,137.9399903,-35.71921601
YELLABINNA,133.32326716,-31.12354017
KENSINGTON GARDENS,138.66319766,-34.91971294
PELICAN LAGOON,137.79695037,-35.83663549
HALLETT,138.89366271,-33.41151507
MIDGEE,137.19282255,-33.40865865
NORTH CAPE,137.59941808,-35.58034634
WESTALL,134.09440775,-32.89853958
DELAMERE,138.21005565,-35.57793544
SOUTHEND,140.12829681,-37.56959655
COWIRRA,139.33325529,-34.90379849
LAKE GAIRDNER,135.9429894,-31.64737016
LAMEROO,140.5172872,-35.32975907
WORLDS END,139.10002812,-33.80157489
ST MORRIS,138.65363375,-34.91103753
CALOOTE,139.2560815,-34.97587695
PINJARRA STATION,134.76195278,-32.07870376
AMERICAN RIVER,137.76885302,-35.77921044
BURR WELL,138.64693139,-30.46054781
WEDGE ISLAND,136.46609083,-35.15634313
MIRANDA,137.90032318,-32.72708639
MOUNT TORRENS,138.9701084,-34.87506243
BRENTWOOD,137.51414487,-34.86443576
BRAY,139.99850974,-37.25873554
CARCUMA,140.07034338,-35.5758683
MOODY,136.00753416,-34.04447512
BELALIE NORTH,138.70234229,-33.154439
MOUNT PLEASANT,139.07670705,-34.77073669
MILLBROOK,138.80816066,-34.82387229
CALPERUM STATION,140.57448231,-33.79387863
GOULD CREEK,138.72896857,-34.74404515
PIKE RIVER,140.76705514,-34.27463261
INMAN VALLEY,138.45591523,-35.49369547
NARACOORTE,140.73526036,-36.95424669
COCKALEECHIE,135.85412491,-34.22556107
HINDMARSH ISLAND,138.87536658,-35.51662269
MURBKO,139.69266243,-34.21200312
YARDEA,135.57843477,-32.25229621
PORT MOOROWIE,137.52820276,-35.11228855
BALLAST HEAD,137.76272311,-35.75900573
TICKERA,137.7085606,-33.78804317
COORABIE,132.29525945,-31.89977911
HANSBOROUGH,139.04465599,-34.22443026
LYRUP,140.66669787,-34.266941
COULTA,135.46840879,-34.38528021
BAUDIN BEACH,137.86632511,-35.78135275
THE RANGE,138.62143079,-35.23919925
OVINGHAM,138.58527115,-34.89857995
MILTALIE,136.75757738,-33.47177996
TEA TREE GULLY,138.73329931,-34.82391864
BRENDA PARK,139.6846679,-34.07411582
EDEN HILLS,138.59566311,-35.02108207
KANNI,140.05845351,-34.24520421
BRINKWORTH,138.40356035,-33.69531745
NORTH ADELAIDE,138.59662725,-34.90773647
D'ESTREES BAY,137.58520083,-35.95440571
PUREBA,134.20929062,-31.95798838
SUNNYSIDE,139.36192015,-35.05376054
LAKE FROME,139.81119783,-30.73077028
ELIZABETH GROVE,138.67031776,-34.73619112
COOBOWIE,137.73123523,-35.04424384
TUMBY BAY,136.10195619,-34.37447895
SOLOMONTOWN,138.03124775,-33.18220474
FLAGSTAFF HILL,138.58521818,-35.04862205
SEACOMBE HEIGHTS,138.54619582,-35.03374142
KEYNETON,139.16310269,-34.5607349
POLDA,135.4567728,-33.52687416
CLELAND,138.6957648,-34.96829414
PALKAGEE,135.4425418,-33.40376304
EDITHBURGH,137.74580737,-35.08439644
WILLOUGHBY,138.09670095,-35.83164643
ELIZABETH,138.66932517,-34.72025709
SEAL BAY,137.32146453,-35.96162358
WHYALLA BARSON,137.56668377,-32.98025293
CASTAMBUL,138.76562981,-34.87157628
WALLAROO,137.62513218,-33.9317371
REEDY CREEK,140.02338687,-36.92740754
ALAWOONA,140.50873947,-34.73698101
BIGGS FLAT,138.78147098,-35.07266404
SALT CREEK,139.67602313,-36.12374305
GLENROY,140.81698216,-37.2167108
WATTLE FLAT,138.39319944,-35.42964277
WALKER FLAT,139.51020862,-34.80549076
ROXBY DOWNS STATION,136.66753579,-30.62755819
WILLUNGA,138.55483623,-35.27258847
RENMARK WEST,140.69724864,-34.16350589
COLEBATCH,139.74348087,-35.9473872
BOOBOROWIE,138.75953757,-33.56271032
POINT PEARCE,137.49109139,-34.4349755
WILLIAMSTOWN,138.89530346,-34.66786996
MOUNT CRAWFORD,138.97888865,-34.71872532
CARPENTER ROCKS,140.41804149,-37.88268686
POINT BOSTON,135.91967293,-34.62218016
WEST HINDMARSH,138.56301607,-34.9050371
HILL RIVER,138.68868518,-33.80504699
BRIGHT,139.13292458,-33.90166696
BARMERA,140.46547699,-34.25194655
PROOF RANGE,138.20298404,-34.27254805
MUNDOO ISLAND,138.93180242,-35.54368696
ORROROO,138.61345234,-32.73439085
WANILLA,135.67746678,-34.52627838
PARAWA,138.33784701,-35.56292262
NANTAWARRA,138.21728819,-34.01186991
FORDS,138.86710478,-34.3931025
SHEIDOW PARK,138.52737457,-35.07924443
KOPPIO,135.85394648,-34.42619211
HAY FLAT,138.32110595,-35.50804313
IRONSTONE,137.98284219,-35.74076366
FOUL BAY,137.19769745,-35.19753142
PORT GERMEIN,138.00016659,-33.02153514
MACGILLIVRAY,137.47373547,-35.91264424
BAIRD BAY,134.37462306,-33.14081608
WITERA,134.57000596,-33.15114024
YATTALUNGA,138.80058245,-34.68074632
FIELD,139.64297824,-35.79459653
HAY VALLEY,138.8957004,-35.00851589
NORTH HAVEN,138.4906069,-34.78714739
HACKHAM,138.52443062,-35.15507586
SLEAFORD,135.67036509,-34.85895278
MUNDALLIO,137.88307977,-32.44017787
KENSINGTON PARK,138.65430272,-34.92020673
HAINES,137.64073893,-35.82128224
CRAFERS WEST,138.68262842,-34.99556483
TEAL FLAT,139.56200529,-34.89232351
WELLINGTON,139.38320939,-35.33240336
BLUFF BEACH,137.50013899,-34.73012512
PRICE,137.99429048,-34.28643379
COORONG,139.47662727,-35.98259744
CHERRY GARDENS,138.6587403,-35.06984617
STOKES BAY,137.17653431,-35.6614539
LOXTON,140.56820275,-34.45235826
CEDUNA,133.67386414,-32.12371032
BUNDALEER GARDENS,138.54107949,-33.34800668
PINE POINT,137.88168005,-34.56862904
TAYLORVILLE,139.95782614,-34.11936422
YANERBIE,134.23893196,-32.932155
HUNTFIELD HEIGHTS,138.51408463,-35.15452942
MOUNT SERLE,138.79477325,-30.38046983
WISANGER,137.49101557,-35.62660707
ST IVES,138.97991456,-35.11039328
KATARAPKO,140.54194089,-34.40372975
KLEMZIG,138.63861497,-34.87895141
RHYNIE,138.68174398,-34.14014893
HOLOWILIENA SOUTH,138.8936907,-32.01467913
UPPER STURT,138.68068053,-35.02485689
CULBURRA,139.92559041,-35.80382044
SALISBURY EAST,138.67279979,-34.78104811
CANNAWIGARA,140.64958093,-36.26754043
MOUNT LIGHT,140.79028837,-37.00368446
CALIPH,140.279718,-34.65811991
WELLAND,138.55876096,-34.90387345
BERRI,140.598731,-34.2792196
STIRLING,138.72183382,-35.00354906
WHITES RIVER,135.95927668,-34.49407937
MYPONGA,138.47216128,-35.40464162
KERSBROOK,138.85129421,-34.78330748
MOUNT DRUMMOND,135.41386069,-34.24561789
ALLENBY GARDENS,138.55438145,-34.90161539
NORMANVILLE,138.31580126,-35.44565646
REEVES PLAINS,138.61011981,-34.54182533
PLYMPTON,138.55489765,-34.96206117
NORA CREINA,139.88289479,-37.31215588
LYNDOCH,138.88168958,-34.59300903
OUTER HARBOR,138.4981637,-34.77270778
COWELL,136.92447774,-33.6835093
KINGSCOTE,137.63840336,-35.65608944
DRY CREEK,138.56699681,-34.81491894
MOTPENA,138.26738848,-31.18618944
PYAP,140.44117946,-34.43747476
KONDOOLKA,134.876669,-32.0339052
SMOKY BAY,133.9380096,-32.37510262
LUCINDALE,140.36855531,-36.97233002
ST PETERS,138.62260585,-34.90498145
MOUNT LYNDHURST,138.77743263,-30.00472758
NOARLUNGA DOWNS,138.49845898,-35.15663773
TARCOWIE,138.51684175,-32.95228374
HOLDER,140.0249694,-34.17289129
MOUNT DUTTON BAY,135.42260087,-34.52336343
KARATTA,136.91141871,-35.96067961
DENIAL BAY,133.57694153,-32.10024813
SCEALE BAY,134.18956218,-33.01694529
YALLUNDA FLAT,135.88964475,-34.32641447
MITCHELLVILLE,137.13954815,-33.58298873
FISCHER,138.6228649,-34.49617259
KINGSFORD,138.78938875,-34.54818593
GOLDEN GROVE,138.72906712,-34.77738654
BETHEL,138.823722,-34.34082253
PELICAN POINT,140.43028623,-37.92401926
CAPE JERVIS,138.10548828,-35.60594645
STRUAN,140.76909071,-37.09587994
PERPONDA,139.81789299,-34.98123195
GEORGETOWN,138.39348461,-33.36170536
BOOLEROO CENTRE,138.3500754,-32.88044945
STUARTS CREEK,137.05093697,-29.62860177
BROWN BEACH,137.84245169,-35.7979202
FIRLE,138.65316756,-34.9045546
WANGARY,135.47823749,-34.5508654
MINLATON,137.59550741,-34.77108643
BUCHANAN,139.00393903,-34.20972188
NALPA,139.30814039,-35.3580911
GERMEIN BAY,138.04649549,-33.13798504
SALISBURY HEIGHTS,138.68811178,-34.76388557
TARNMA,138.94259128,-34.16295257
ORATUNGA STATION,138.58981564,-31.06157526
BOOKABIE,132.67665392,-31.84186532
PINKERTON PLAINS,138.6168216,-34.4268539
NADIA,133.49860286,-32.09628031
KOONAMORE,139.37345505,-32.10343118
SNOWTOWN,138.21522271,-33.78291441
MULGUNDAWA,139.20243868,-35.30674045
CEDUNA WATERS,133.69537288,-32.1817465
INNESTON,136.8913845,-35.27292241
ULEY,135.60664734,-34.73080142
MCLAREN VALE,138.54249924,-35.21831547
CARRICKALINGA,138.32457626,-35.42515646
LARGS BAY,138.49381117,-34.82667256
PARADISE,138.67627531,-34.87106046
PORT PIRIE,138.00939189,-33.17692579
CHANDADA,134.66249921,-32.76502081
YANKALILLA,138.34994125,-35.45786146
CUDLEE CREEK,138.83606344,-34.86200533
PIEDNIPPIE,134.42282569,-32.72360222
WHITES FLAT,135.84535248,-34.50444993
BOCKELBERG,135.05583119,-32.58066853
PORT BROUGHTON,137.93180505,-33.60026786
BLACK ROCK,138.69093627,-32.83262477
NORTH PLYMPTON,138.54953144,-34.95574998
MARION,138.55350481,-35.00635463
GLENGOWRIE,138.5335529,-34.98735405
TALIA,134.88049707,-33.31561423
SEDAN,139.33707557,-34.55277134
GREEN PATCH,135.78100405,-34.59632523
SELLICKS HILL,138.47414124,-35.32940447
LARGS NORTH,138.50149387,-34.81682239
CURRENCY CREEK,138.75959524,-35.45240485
PORT AUGUSTA WEST,137.75502385,-32.46882897
PONDE,139.32543168,-34.95240146
RED CREEK,138.98098579,-35.14924195
MORPHETTVILLE,138.54305197,-34.98461542
LANGHORNE CREEK,139.03582015,-35.29596349
COLTON,134.90367386,-33.45611992
NILPENA,138.16551208,-30.97483206
HINCKS,136.00275667,-33.86994049
MANGALO,136.58426006,-33.47181147
BLACK HILL,139.48115234,-34.69437436
MURRAY TOWN,138.24441597,-32.91864947
BUNGAREE,138.56522212,-33.74645355
ONE TREE HILL,138.74919312,-34.71671443
YALATA,131.8156054,-31.49750326
WAMI KATA,137.80353952,-32.44427822
MYLOR,138.75863573,-35.04335305
MODBURY,138.68511607,-34.83389201
MINDARIE,140.2179722,-34.81402699
SCHELL WELL,140.46306045,-34.83311736
BRADY CREEK,138.99462998,-33.97023376
MAKIN,140.51876506,-35.97864507
LOWER LIGHT,138.39982442,-34.52830516
PEKINA,138.52216932,-32.83526617
GRACE PLAINS,138.49275437,-34.36304406
JOANNA,140.85475589,-37.11029596
COOLTONG,140.67630443,-34.08409359
BURDETT,139.40974629,-35.0377022
PARACOMBE,138.76891021,-34.84881874
NEW RESIDENCE,140.39230504,-34.35995097
PLYMPTON PARK,138.55148122,-34.97594694
KALDOONERA,134.87628363,-32.58345506
HYDE PARK,138.60294876,-34.95654127
BARUNGA GAP,138.12410759,-33.82645726
BLANCHETOWN,139.61198354,-34.35240436
BARABBA,138.57550268,-34.35911342
LAKE ALEXANDRINA,139.15967052,-35.44062
MOUNT JAGGED,138.63074156,-35.41817364
HAMILTON,138.90026367,-34.22555831
CHARLTON GULLY,135.80411267,-34.54238565
SHERWOOD,140.58213814,-36.08287768
HACKHAM WEST,138.51514759,-35.14238226
CHARRA,133.32522912,-32.07346325
GULNARE,138.46772624,-33.46715239
MOUNT COMPASS,138.62158421,-35.34907647
FITZROY,138.59129349,-34.89692384
BUNDALEER NORTH,138.5941722,-33.27949174
BORDERTOWN,140.77160028,-36.310314
NEWTON,138.68241138,-34.8820155
MERGHINY,133.83473605,-32.14153562
BIG BEND,139.61441543,-34.63749384
CONMURRA,140.18913548,-37.10917317
WOOL BAY,137.75561809,-34.99172672
BOWMANS,138.27268662,-34.15449043
CRAFERS,138.71472998,-34.98829449
CALCA,134.33998321,-33.04632905
CONCORDIA,138.79296472,-34.57932277
CHAFFEY,140.70640376,-34.09358292
PORT PIRIE WEST,138.00265882,-33.17674996
MARTINS WELL,139.19111949,-31.44949292
LINCOLN NATIONAL PARK,135.92075388,-34.86517087
HIGHLAND VALLEY,138.92992032,-35.16748454
OWEN,138.54475729,-34.27225646
WILLSON RIVER,137.93823648,-35.8483559
GOYDER,138.26766232,-34.08276807
MURLONG,135.96823842,-33.69510559
COCKATOO VALLEY,138.83432978,-34.62847464
BRIDGEWATER,138.76776727,-35.01586772
WILD HORSE PLAINS,138.27514944,-34.34688459
WALKLEY HEIGHTS,138.63700246,-34.84008061
CHOWILLA,140.87270108,-33.74706947
BALGOWAN,137.49473745,-34.32502642
KAINTON,137.95407162,-34.14417981
FLINDERS PARK,138.54320547,-34.91023841
HART,138.43661534,-33.75596945
CUMMINS,135.72643773,-34.26420636
PARILLA,140.66654548,-35.29779706
OLYMPIC DAM,136.87275872,-30.44050457
STUN'SAIL BOOM,137.02715768,-36.00461922
PEWSEY VALE,138.9702518,-34.63690784
BALDINA,139.08519982,-33.69161115
FISHERMAN BAY,137.96989566,-33.51552709
ANGAS PLAINS,138.96954873,-35.33490028
CAPE JAFFA,139.70671025,-36.95809546
PORT GIBBON,136.79969246,-33.80167936
MENINGIE,139.33898439,-35.68945633
ST AGNES,138.71075028,-34.83073225
WAROOKA,137.40064843,-34.99100542
COONDAMBO,135.90837982,-30.96274282
OAKLANDS PARK,138.54456991,-35.00667885
DAVEYSTON,138.87844147,-34.47294893
SKYE,138.6928988,-34.92442577
ONKAPARINGA HEIGHTS,138.52224266,-35.16236264
MUNDOORA,138.08369911,-33.59437957
GERANIUM,140.16136655,-35.38093362
COFFIN BAY,135.35406101,-34.63087635
WAITPINGA,138.49595522,-35.60003927
MEADOWS,138.75540292,-35.17431336
COONALPYN,139.85661623,-35.69682219
COMMONWEALTH HILL,133.71363033,-29.89332697
TUNGKILLO,139.06835518,-34.82255549
WARBURTO,137.59632738,-34.00953682
BRAMFIELD,134.99708781,-33.62001279
TOWITTA,139.24904092,-34.53381115
PORT WAKEFIELD,138.14969029,-34.18672169
STOCKYARD PLAIN,139.80898342,-34.25659164
SUNNYDALE,139.61233112,-34.65606634
BEAUFORT,138.20662116,-34.08321322
MOUNT JOY,135.05610487,-33.5214077
LAKE EYRE,137.49701174,-28.53605656
SHERINGA,135.23285913,-33.84806111
BORRIKA,140.05083551,-35.02251052
PORT NOARLUNGA SOUTH,138.47564726,-35.16439866
WESTERN RIVER,136.94718638,-35.71311404
QUALCO,139.91771182,-34.10829911
FOWLERS BAY,132.43713837,-31.98872229
DE MOLE RIVER,136.80640572,-35.72751226
YOUNGHUSBAND,139.47938976,-34.91002158
WOLSELEY,140.90551929,-36.36817504
MARINO,138.5152075,-35.0498989
SEAVIEW DOWNS,138.53835524,-35.04213538
OVERLAND CORNER,140.39850579,-34.16936403
YALPARA,138.82452474,-32.49973166
GILBERTON,138.61262476,-34.90045473
TOTHILL CREEK,138.93446742,-34.08250605
BRADBURY,138.72566559,-35.07059515
BAROSSA GOLDFIELDS,138.81852992,-34.65701327
MELROSE PARK,138.57870327,-34.98525591
LOCHABER,140.55014395,-36.82499853
MORPHETT VALE,138.52758293,-35.12100392
MOBILONG,139.27528702,-35.1002216
WILLALO,138.79323337,-33.43904688
SCOTT CREEK,138.70138626,-35.0587677
MONTACUTE,138.75699713,-34.8875143
JABUK,140.06972998,-35.38479854
PORKY FLAT,138.02379626,-35.85959282
CRESCENT,140.74551038,-34.2047825
SPRING FARM,138.63813496,-33.84977708
ULEYBURY,138.74519612,-34.67494081
ELIZABETH SOUTH,138.65644914,-34.74109523
CRADOCK,138.49410527,-32.07089339
NAIN,138.8925374,-34.44571749
CHANDLERS HILL,138.61697064,-35.08652958
ONKAPARINGA HILLS,138.56659994,-35.13653291
MURTHO,140.8760443,-34.08083241
ALLENDALE NORTH,138.91169707,-34.27530167
WYE,140.89682435,-38.01894486
UNLEY PARK,138.60141209,-34.96256575
MELTON STATION,139.36680038,-32.3199009
EDILLILIE,135.70659461,-34.41127542
HUDDLESTON,138.28650395,-33.33012901
KELLIDIE BAY,135.47428241,-34.59135156
MOOLOOLOO,138.52751682,-30.98687768
MONASH,140.55762036,-34.23676537
STREAKY BAY,134.20620017,-32.79760767
BELALIE EAST,138.71111647,-33.27473752
FARRELL FLAT,138.79654551,-33.83080296
ASHTON,138.73614163,-34.94114275
NAIRNE,138.91464203,-35.03492385
WAROONEE,139.22735216,-32.50381344
DORSET VALE,138.70580179,-35.10574741
WANDILO,140.71703264,-37.74736128
KONGORONG,140.55557261,-37.89996722
KIDMAN PARK,138.52693589,-34.91223121
TARPEENA,140.79611668,-37.62735659
NURRAGI,138.91001407,-35.357044
CANOWIE,138.76055731,-33.39771647
FLORINA STATION,139.90694515,-32.35725064
BENBOURNIE,138.54823715,-33.80816619
RIDGEHAVEN,138.7046673,-34.82124623
EDEN VALLEY,139.13832484,-34.65999608
KOHINOOR,137.41657318,-35.77072488
WEEROONA ISLAND,138.03260352,-33.10218141
YUNTA,139.56258724,-32.5803765
MINBRIE,136.93083349,-33.47129652
POINT PASS,139.06068423,-34.08084492
SOUTH BRIGHTON,138.52530972,-35.02595242
SEACLIFF PARK,138.52946465,-35.04264281
BROWNLOW,139.34392739,-34.22652627
THEBARTON,138.57248561,-34.91516701
FRANKTON,139.20903548,-34.2946563
HOUGHTON,138.75559988,-34.82993223
HIGHBURY,138.71787774,-34.85204718
PORTER LAGOON,138.87719771,-33.82342786
YORKETOWN,137.6042644,-35.01936543
ASHVILLE,139.42389053,-35.54553649
PETWOOD,138.95816011,-35.08402609
GOSSE,136.97959746,-35.79413641
FRAHNS,139.36281874,-34.88760035
PORT ELLIOT,138.68014136,-35.53310314
BARATTA,139.1946337,-31.95108525
MINBURRA STATION,139.02121381,-32.2869662
WHYALLA,137.57531826,-33.03795359
FORESTVILLE,138.58098151,-34.95137273
KANGARILLA,138.67018928,-35.1525849
TATACHILLA,138.50969623,-35.23696693
TULKA,135.75795121,-34.77912892
WISTOW,138.91258258,-35.11709089
O'SULLIVAN BEACH,138.47595819,-35.12104375
KURRALTA PARK,138.56700173,-34.95143724
MARANANGA,138.93766345,-34.49073739
LINWOOD,138.762661,-34.38164944
RENDELSHAM,140.22443679,-37.54971656
BLEWITT SPRINGS,138.59456467,-35.16866524
LITTLEHAMPTON,138.8653662,-35.04055693
ANGLE VALE,138.64976624,-34.63857518
SALTER SPRINGS,138.61397966,-34.18725999
FLAXMAN VALLEY,139.04098391,-34.61977459
EMU DOWNS,138.99658817,-33.89172622
GOOLWA,138.78176997,-35.5014549
CLARENDON,138.63077068,-35.11490099
MOUNT BRYAN EAST,139.0275947,-33.43940689
BARINIA,138.62098807,-33.74549998
FIVE MILES,139.39538777,-34.86615421
RIVERTON,138.76514026,-34.16771747
CHRISTIE DOWNS,138.49634628,-35.12982126
COMAUM,140.92508598,-37.2198113
BEETALOO VALLEY,138.21304081,-33.18769855
PARAFIELD GARDENS,138.61072742,-34.78255119
DOVER GARDENS,138.53695807,-35.02398492
KALBEEBA,138.79289493,-34.6250157
BURRA,138.93098694,-33.66997208
MOANA,138.47388866,-35.20811348
NGAPALA,138.99264982,-34.05700592
BRIGHTON,138.52228917,-35.01843292
GLADSTONE,138.35428271,-33.26921785
GREEN FIELDS,138.60350973,-34.79495528
WATTLE RANGE EAST,140.64621577,-37.38942777
HALBURY,138.51568463,-34.08508271
SWEDE FLAT,140.48307368,-36.46473563
KANGAROO HEAD,137.90437396,-35.73629114
LAKE GILLES,136.74464513,-32.94125128
CLAYTON BAY,138.91223216,-35.49394749
COMMISSARIAT POINT,137.75938683,-32.58030211
EDWARDSTOWN,138.56942185,-34.98020349
VERRAN,136.31612819,-33.85061266
MOOROOK,140.36471387,-34.27975958
HILTON,138.56584173,-34.93213076
RENOWN PARK,138.57728503,-34.89053934
COPLEY,138.4259349,-30.55453832
FERRYDEN PARK,138.56144383,-34.86876922
HOPE FOREST,138.62263648,-35.28284076
WOODVILLE GARDENS,138.55223973,-34.86740775
PORT VINCENT,137.82990938,-34.76893044
PROSPECT HILL,138.7314901,-35.2275944
KOOLUNGA,138.33319737,-33.58602645
BASKET RANGE,138.7728416,-34.93482884
BLACKWOOD,138.6128259,-35.02237189
KRONDORF,138.97051192,-34.56578393
NONNING,136.46015907,-32.28257287
ISLAND LAGOON,136.68844094,-31.45763235
HUMBUG SCRUB,138.81434246,-34.72098452
WOOLTANA,139.65262702,-30.32422843
LEASINGHAM,138.64922786,-33.98965896
WOODLEIGH,140.71507759,-34.56816799
MCCRACKEN,138.63133253,-35.53595881
GOOLWA BEACH,138.76248549,-35.51364485
ROGUES POINT,137.8950337,-34.4966171
CHINAMAN WELLS,137.47809245,-34.38800842
LOWER INMAN VALLEY,138.56787966,-35.51594069
SEDDON,137.2800944,-35.85889383
LOUTH BAY,135.93120747,-34.54319526
DULWICH,138.62875,-34.93680862
PARATOO,139.33349527,-32.73181749
TUSMORE,138.64738285,-34.9358425
EBA ANCHORAGE,134.29249447,-32.68781221
ROSSLYN PARK,138.6755381,-34.92192955
ARCOONA,136.97778689,-31.11758506
PASKEVILLE,137.89820918,-34.03692979
UCOLTA,138.95845877,-32.99457986
KADINA,137.71535744,-33.96255643
WATERFALL GULLY,138.67446429,-34.96173251
KOLENDO,136.1434627,-32.34826239
PARALOWIE,138.60812821,-34.75704437
VALLEY VIEW,138.66072376,-34.83992732
MANSFIELD PARK,138.55183828,-34.85657633
GLENBURNIE,140.90812634,-37.82774906
NORTH MOOLOOLOO,138.56776978,-30.63203565
WILLIPPA,139.11833662,-31.73732597
HARTLEY,139.04346321,-35.20995196
WIRRINA COVE,138.25932537,-35.50016203
SPRINGTON,139.12052054,-34.72164766
WHITE HUT,137.01507749,-35.04428641
SECOND VALLEY,138.22311127,-35.52246046
YALYMBOO,136.75807407,-31.73057083
SPRING GULLY,138.58650861,-33.91340566
GAWLER EAST,138.76442264,-34.60266618
SEACOMBE GARDENS,138.54581151,-35.02334965
INGLE FARM,138.64545299,-34.82758089
PENNINGTON,138.53165795,-34.8575467
LAKE MACFARLANE,136.69448191,-31.92102238
MAHANEWO,136.4032979,-31.72356842
WHARMINDA,136.22628417,-33.949828
WANDANA,133.80894249,-32.06622459
PARNAROO,139.10402629,-32.99426508
CHERRYVILLE,138.7801841,-34.90863436
HOSKIN CORNER,138.46147257,-34.20511541
PADTHAWAY,140.49196511,-36.60228475
MCLAREN FLAT,138.6126464,-35.19942384
MINTARO,138.7528538,-33.92749386
PURPLE DOWNS,136.85342623,-30.84784092
CONDOWIE,138.32055353,-33.78065989
PENWORTHAM,138.64312963,-33.92345561
CLARENCE GARDENS,138.57778697,-34.97246957
WOODLANE,139.33098214,-35.00328574
COUCH BEACH,137.17589048,-34.91190155
MOUNT BARKER SUMMIT,138.92154394,-35.06928001
RICHMOND,138.56213389,-34.93863216
POINT LOWLY NORTH,137.78032148,-32.98494342
MARRABEL,138.87825829,-34.14021261
MACUMBA,136.20489663,-27.2849602
VALE PARK,138.62715104,-34.8860391
MOUNT CLARENCE STATION,134.57595658,-29.09252825
GLENUNGA,138.63916873,-34.95060932
WILCHERRY,136.45345867,-32.91592439
COLLINSFIELD,138.22506038,-33.60446544
MERTY MERTY,140.41150991,-28.55505169
DINGABLEDINGA,138.63919459,-35.26452726
SOUTH PLYMPTON,138.56016316,-34.97375057
MONTARRA,138.61565344,-35.26300323
MARKS LANDING,139.58720659,-34.57789987
WESTBOURNE PARK,138.59525552,-34.97163325
BEULAH PARK,138.64522733,-34.91766593
SEBASTOPOL,140.37609597,-37.51655842
HAMLEY,137.59989988,-34.08322406
BOCONNOC PARK,138.55798313,-33.86091996
PEEP HILL,139.16159936,-34.15124217
KALKAROO,140.56073756,-31.77682225
PETERBOROUGH,138.83721233,-32.97366647
THORNGATE,138.59680229,-34.89735657
WILD DOG VALLEY,140.76681852,-36.87201459
WAROONEE WELL,139.15833731,-32.43076648
ULIPA WELL,135.29949781,-34.08764635
BORDER TOWN,140.77189679,-36.31009658
NAVAN,138.74897726,-34.21194647
DORRIEN,138.96799721,-34.49233648
CRANEFORD,139.06590719,-34.62670649
MOUNT LINDSAY,129.8834787,-27.02728622
BAR WELL,139.87684735,-30.15729649
SIMMONSTON,138.15306748,-32.07158643
HOOKINA,138.26233748,-31.80519643
CUNNINGHAM,137.82091865,-34.44177455
GILLENTOWN,138.61059094,-33.87965727
FLAXLEY,138.81822792,-35.13860083
PUTTAPA,138.4453762,-30.71750932
APAMURRA,139.20519467,-34.86087625
O'HALLORAN HILL,138.55358545,-35.05709912
REYNELLA EAST,138.55269266,-35.08808382
OLARY,140.32622715,-32.28102653
MINGARY,140.74256093,-32.12746854
KINGOONYA,135.31601743,-30.91551435
CLAY WELLS,140.14221218,-37.32631487
MCBEAN POUND,139.63053828,-34.28449201
MOUNT TEMPLETON,138.32936204,-34.02103463
MORTANA,134.46143637,-33.00953895
MINNIPA,135.15575205,-32.85397692
SIAM,136.70262485,-32.37921963
OODLA WIRRA,139.06072218,-32.88374817
CLAYPANS,139.71329601,-34.82476902
WALLOWAY,138.58747031,-32.63667488
COONAMIA,138.04365429,-33.19210882
DAVENPORT,137.78963055,-32.47168238
KANGAROO INN,140.20910693,-37.34283796
PIMBAACLA,134.45013409,-32.35372106
LOCHIEL,138.15840981,-33.9295679
COBDOGLA,140.40378667,-34.2450134
WEST BUNDALEER,138.49415722,-33.30645
MONGOLATA,139.09721221,-33.57332977
PORT PIRIE SOUTH,138.02686698,-33.21121424
ROCKY POINT,139.44288879,-34.85415742
LAKE CARLET,139.53387806,-34.87309599
HEATHPOOL,138.64630609,-34.93140763
MOOCKRA,138.41797183,-32.46133062
PLUMBAGO,139.89621422,-32.00068008
FOX,140.33738561,-37.25282633
ABMINGA STATION,140.31532077,-32.2159289
MENINGIE WEST,139.17987861,-35.66532499
ALBERT PARK,138.52147886,-34.87622665
CALTOWIE WEST,138.39104963,-33.15459308
NEWLAND,137.11766161,-35.86951359
MOUNT MARY,139.4391791,-34.10641946
WALL FLAT,139.3096058,-34.98433253
CUMBERLAND PARK,138.58670192,-34.97202613
WIRREGA,140.57809832,-36.20267214
KANGAROO FLAT,138.69325629,-34.54898915
BELTANA,138.41672129,-30.8123548
BELVIDERE,138.94973595,-35.28780194
SALISBURY DOWNS,138.62433272,-34.77176597
MARKARANKA,139.9656488,-34.01833575
PEARLAH,135.7093181,-34.59769761
CORTLINYE,136.33948951,-33.03675526
PARNDANA,137.26167806,-35.78673837
THURLGA,135.78396778,-32.46891583
NARLABY,134.88136752,-32.47441958
NEW TOWN,137.69463737,-33.95385339
STEELTON,138.8830852,-34.05993614
LYNDHURST,138.34881805,-30.28389393
MOPPA,138.95095554,-34.41368495
MUNGERANIE,139.07233499,-27.99739278
RAMCO HEIGHTS,139.90813029,-34.19448137
PYGERY,135.40973603,-33.0188447
WOODVILLE,138.53723194,-34.87779417
SPENCE,140.55851503,-37.08607096
JERUSALEM,137.71451006,-33.9770378
NORTH YELTA,137.63141333,-34.0616254
MATTA FLAT,137.70684635,-33.97282598
SOLOMON,136.3426321,-33.22321646
LIGHT PASS,139.02682274,-34.47019913
WALLERBERDINA,138.00729267,-31.85308789
FRANKLYN,139.0730743,-33.13698625
SENIOR,140.8496012,-36.14327731
CARRIEWERLOO,137.37941514,-32.32636844
CUNLIFFE,137.74863946,-34.07922173
AMERICAN BEACH,137.8807966,-35.76891813
MOUNT ARDEN,137.68952878,-32.25136447
KYANCUTTA,135.55203974,-33.13369185
MAUDE,139.44197767,-33.8868271
WARD BELT,138.67319605,-34.58138146
BUMBUNGA,138.23004079,-33.90873682
WONGYARRA,138.22478427,-32.98027176
PENRICE,139.06733115,-34.47744812
MARCOLLAT,140.33509148,-36.56417011
URANIA,137.62411505,-34.51760133
BEAUMONTS,139.67789096,-34.04522505
MOONTA MINES,137.60662702,-34.08171269
BATCHELOR BRIDGE,138.77350722,-34.86490648
BLINMAN SOUTH,138.69014745,-31.11469645
BREMER PARK,138.93209719,-34.97037648
BURGOYNE FLAT,137.4319476,-31.6419364
CAPIETHA,134.77852794,-32.65638633
CARR DAM,137.79966763,-30.0904664
COHEN DAM,139.56826718,-33.5883265
CROWER,140.28435682,-37.07357656
CUDLAMUDLA,140.11601682,-37.42698655
SALTASH,140.92487707,-32.23790656
KALYAN,140.83996672,-37.09859659
LINCOLN SOUTH PRIMARY SCHOOL,135.8455877,-34.74172637
MILLICENT NORTH,140.33271677,-37.59192656
ANAMA,138.56546093,-33.68674661
MULKA,138.99903912,-28.33393341
WANDEARAH EAST,138.04516943,-33.40360199
PAYNEHAM,138.64223492,-34.89889575
WESTONS FLAT,139.90212491,-33.91216829
CARALUE,136.11668421,-33.27672922
BULLOO CREEK,140.4847303,-32.13303858
LOWER MITCHAM,138.60569828,-34.98098079
BAY OF SHOALS,137.56704788,-35.60783047
MELTON,137.98194739,-34.08402644
ELIZABETH EAST,138.68151372,-34.72601239
NORTH MOONTA,137.59185005,-34.05459866
MOONTA,137.58888942,-34.06672752
GERANIUM PLAINS,139.21540822,-33.97706711
PANITYA,136.09938179,-33.19880243
CHINBINGINA,134.23439749,-32.22506545
MOUNT WEDGE,135.07605572,-33.36631512
KIMBA,136.41908733,-33.13955129
PARAKYLIA,136.25499006,-30.50912641
MANUNDA STATION,139.84148489,-32.87416804
BARNDIOOTA,138.17838657,-31.92391006
MAYFIELD,138.68660987,-33.359983
FARAWAY HILL,139.6945284,-33.14529229
LAMBINA,134.02096631,-26.98844053
MOUNT SARAH,135.3408471,-26.98667802
BOWER,139.30371629,-34.07255231
BALAKLAVA,138.41582212,-34.14754733
YAHL,140.84478455,-37.88159303
BIMBOWRIE,140.23292176,-32.02677622
PYAP WEST,140.41238744,-34.55604553
MOOLAWATANA,139.84571675,-29.92194679
WHITES VALLEY,138.51710093,-35.26962006
ARCKARINGA,134.88205121,-27.83809076
EVELYN DOWNS,134.37070079,-27.98479001
WARTAKA,136.99594179,-32.49204152
PARCOOLA,140.08865946,-33.64773453
ERINGA,134.76943485,-26.56410448
MARREE,138.06485762,-29.64768641
INGOMAR,134.78894286,-29.51783806
OODNADATTA,135.446735,-27.54663718
WALLALA,134.61870252,-32.31964882
CORUNNA STATION,137.03182375,-32.68751506
COOMUNGA,135.71871313,-34.66185712
WUDINNA,135.46206237,-33.04659511
STOW,138.41384145,-34.00472574
MUNDOWDNA,138.40773987,-29.7203268
MOUNT EBA,135.59519458,-30.04086291
LEABROOK,138.65512083,-34.92969031
REDWOOD PARK,138.70695294,-34.81154061
LOWER HERMITAGE,138.77563271,-34.79673713
FRAYVILLE,139.24581187,-34.8519735
MORN HILL,138.75607689,-34.41537077
BILLIATT,140.53948286,-34.94153607
OLD TEAL FLAT,139.54262289,-34.87160252
STURT VALE,139.92365331,-33.27123141
KALABITY,140.05422305,-31.72374297
KOOTABERRA,137.49930994,-32.00953874
BALD HILL,131.74863241,-31.48448726
BELTANA,138.41200751,-30.81298643
BETTS CORNER,133.61944913,-32.0876683
BLACK HILL,132.30920143,-26.36865024
BLACK HILL NO 2,132.35119743,-26.34287324
BLACK HILL NO 3,132.33870443,-26.32418624
BLUE HILL,132.81967336,-27.12071125
BOBS BORE,132.04834965,-26.96605356
BOOKYANA,137.49200745,-34.48528642
BORE 22,132.94006936,-26.03431424
CAMP COORONG,139.33533407,-35.77994151
CENTRE BORE,132.20725044,-26.47956124
10 MILE,134.78852807,-28.9270263
AEROPLANE ONE,132.17962845,-26.25584623
AKENTA,135.8745815,-34.55508328
AMATA,131.14676956,-26.15154622
AMUROONA,133.03204534,-26.86395725
ANGATJA,130.30863418,-26.06876073
ANTARA,132.62713138,-27.11706425
APARATJARA,129.79488872,-26.12934321
OLD APARAWILINTJA,131.97264545,-27.24066924
KAKALPURRANHA,138.40917881,-30.81776418
KALPARRIN,139.34401711,-35.0834765
KALKA,129.15237879,-26.11593621
KATJI KATJITJARA,132.26600844,-26.09698623
KATJIKUTA,131.17778656,-26.15385022
KOONIBBA,133.42700816,-31.90298629
BULINDA,133.8174861,-32.2063423
DOUBLE TANK,132.05807145,-26.64322523
KOONGAWA DUNDEE,133.75111111,-32.0863003
ECHO HILL,132.86045836,-26.55488625
EMU FARM,133.69537012,-32.1149433
EMU ROCK HOLE,133.20726842,-26.78396202
ERNABELLA (PUKATJA),132.13455945,-26.27883423
FREGON,132.02805845,-26.76419623
KUNATJARA,129.0796648,-26.34099221
LAURA BAY,133.8237361,-32.24430066
LEIGH CREEK STATION,138.47383402,-30.5426689
LENNON SWAMP,132.91313735,-26.71419825
LOOKOUT HILL,131.87792539,-31.56971326
GERARD,140.47925698,-34.37555655
GRANITE DOWNS,133.49713608,-26.93751777
HARRY CREEK,130.92551859,-26.26681622
IGA WARTA,138.93288645,-30.59673045
ILTUR,130.48472863,-27.54251622
ILYKUWARATJA,133.02218835,-26.10199625
INARKI,129.62922184,-26.03423014
INDULKANA,133.3086883,-26.96622626
INYINYINTAN,133.3210053,-26.98853926
IRINTATA,132.06931845,-26.69445623
DAVENPORT,137.78868251,-32.47029542
DAVIDS WELL,132.01000846,-26.39898623
PIGEON BORE,132.75544037,-26.94012325
PIPALYATJARA,129.17003879,-26.16281621
POMPOOTA,139.34515232,-34.97570156
PUTAPUTA,129.40020676,-26.19002221
POINT PEARCE,137.50289745,-34.41681642
MURUNYI,131.08878457,-26.30345222
MOUNT SERLE,138.85700746,-30.54198645
MOUNT WILLOUGHBY,134.14851818,-27.95814628
MUNDA WANNA-MAR,133.95000807,-32.3518863
KANPI,130.11838968,-26.16755221
NANWOORA,131.61326043,-31.38248526
NEPABUNNA,138.97900745,-30.58198646
NGARATJATA,131.80455849,-26.23153623
PUTUTJU,132.03008846,-26.54112623
RACE COURSE,132.16888479,-26.25765687
RAILWAY BORE,133.3547973,-26.76498426
RAUKKAN,139.13236712,-35.5065265
MAKARI,131.29378854,-27.04385623
MALARA,129.46476675,-26.14271421
MULGA BORE,132.11228844,-26.81495624
MIMILI,132.70900837,-27.00498625
MANYIRKANGA,131.23830855,-26.28558622
MORRISON BORE,132.14400844,-26.64798624
WILLI WILLI,129.52705275,-26.34950321
WINTAWATU,130.98629858,-26.16036622
WORRO DOWNS STATION,138.28499627,-31.7877325
WARRENGIE,139.28227198,-35.69405607
WANMARANYA,132.68656837,-27.08800625
YALATA,131.8417304,-31.47954626
YAPPALA,138.37378966,-31.84697856
YARILENA,133.63879113,-32.0960253
NUMBER 12,130.98600858,-26.06038622
NYAPARI,130.22156567,-26.17542621
NYIKUKURA,129.0922588,-26.02549621
OFFICER CREEK,131.89259447,-26.51207323
OVER ROAD,131.8187344,-31.51197226
PERENTI BORE,132.70183337,-26.91045325
TANKANNU,130.16650867,-26.29898621
TIA TUCKIA,133.95532768,-32.23712644
TILUN TILUN,129.16276879,-26.08991121
TJA TJA,132.14519635,-26.41927428
TJIWIRU ONE,132.20793544,-26.42153823
TJIWIRU TWO,132.20842144,-26.40267923
TJILPIL TWO,131.99529346,-26.98259224
TJILPIL ONE,132.01500845,-26.87798624
TJUTJUNPIRI,132.07284846,-26.31705623
TUPUL,131.12772857,-26.05906622
TURKEY BORE,132.08071846,-26.32868323
CEDUNA TOWN CAMP,133.68254312,-32.1116493
HAPPY VALLEY,131.00000858,-26.00018622
ITJINPIRI,132.13720745,-26.20559423
KUNYTJANU,129.37094376,-26.66000421
KULITJARA,132.41711841,-27.02254624
MUNDA MUNDA WATA TJINA,133.72644411,-32.1098763
NANTAWARRINA,139.09200743,-30.59878646
ULAYPAI,131.59940851,-26.08472622
ULKIYA,130.86040859,-26.34997122
UMOONA,134.76731207,-29.0041983
UMPKANTA,132.20745394,-26.29634967
UMPUKULUNYA,130.38577265,-26.16717321
VICTORY WELL,132.50847039,-27.05288724
WALATINA,133.40700828,-27.42048626
WALLANY,131.23206515,-26.33437499
WAMIKATA,132.16192845,-26.09792623
WANILLA OUTSTATION,135.64289563,-34.5952358
WARDANG ISLAND,137.37200747,-34.46918642
WAREVILLA,133.69471012,-32.1051663
WATINUMA,131.88086888,-26.52082034
WAMBIRI,135.69503872,-34.62798336
WEST BORE 1,131.93446217,-26.70521742
YOUNGS WELL - 1,132.20675744,-26.17098231
YUNYARINYI,132.44600841,-26.32698624
YURANGKA,131.43341673,-26.33577577
WALITJARA,130.70040861,-26.22318622
SHANNONS BORE,132.72427637,-27.04227525
COLEBROOK,138.06156258,-32.33542094
SANDYS BORE,132.4812584,-27.15469624
SCOTDESCO,132.77120426,-31.83237928
ILITJARA,129.17748879,-26.26282821
MCCAUL BORE,132.07204045,-26.48061323
OAK VALLEY,130.73900858,-29.40158624
UMUWA,132.04012966,-26.46611869
DUNJIBA,135.44757773,-27.54678756
KUNAMATA,130.34591665,-26.51888822
DINAH LINE,133.67759912,-32.0634493
NEW WELL,132.23310844,-26.08683623
WALALKARA,131.79041348,-27.00459123
WATARRU,129.9010487,-27.02302622
WINTU WINPUTJARA,132.31712143,-26.13890823
TALLOWON,131.79415641,-31.45162026
CAVE HILL,131.34796354,-26.03475922
AEROPLANE TWO,132.19336844,-26.25106623
BALFOUR WELL,132.06571346,-26.36601623
EAGLE BORE,132.09400846,-26.00798623
KOONGAWA,135.87734502,-33.16073034
PRELINNA,138.73128726,-31.64548816
CHILPENUNDA,134.52201068,-32.59146965
WHITWARTA,138.33602392,-34.09181206
BIBLIANDO,139.09966746,-31.86520363
WINULTA,137.89930129,-34.27431667
THOMAS PLAIN,137.92453705,-33.94535202
SECRET ROCKS,136.89622699,-33.25168798
SANDERSTON,139.21637772,-34.72437058
HACKLINS CORNER,138.65939632,-33.46682746
BAKARA,139.81237587,-34.67836611
WIAWERA,140.40320154,-32.29182546
ARKAROOLA VILLAGE,139.33623341,-30.31162947
THREE CREEKS,138.7701609,-32.00711346
SANDLETON,139.39250234,-34.44404163
REDBANKS,138.57524148,-34.48141104
MURNPEOWIE,139.32774189,-29.4417597
PINDA SPRINGS,138.8630246,-30.79574425
KENT TOWN,138.62010762,-34.9215481
BRUCE,138.19891554,-32.46171917
BUNBURY,139.98016441,-36.16402767
OLD REYNELLA,138.54045497,-35.0968249
HALIDON,140.17363423,-34.87658374
CROMER,138.97656769,-34.76605373
KANYAKA,138.32032129,-32.03565764
LAFFER,140.15221724,-36.18161508
CHARLESTON,138.92575102,-34.91387257
STONE HUT,138.2766745,-33.10845279
HACKNEY,138.61640563,-34.91388802
JAMESTOWN,138.60205476,-33.20528146
CHAPMAN BORE,139.54859019,-35.11537957
WIRRULLA,134.53386558,-32.40443196
STURT,138.554631,-35.02274303
WHYALLA PLAYFORD,137.55912283,-33.02895606
MURRAY BRIDGE,139.27471882,-35.11786852
FARINA,138.27731587,-30.07364122
COOLILLIE,135.23916016,-33.45116061
PINNAROO,140.90726252,-35.25936743
MILENDELLA,139.20954356,-34.8006242
ROYSTON PARK,138.62995962,-34.89731361
MITCHELL,135.52565079,-34.01593282
INKSTER,134.66867269,-32.91442676
DAWSON,138.97488762,-32.8041047
WHITE WELL CORNER,133.30833818,-31.89476129
AVON,138.34085974,-34.28199095
WOODVILLE WEST,138.52659069,-34.88505293
MALLALA,138.50972229,-34.43789246
YACKA,138.4470297,-33.57041027
LONGWOOD,138.72122911,-35.04187069
GALGA,139.96179021,-34.6953307
SALISBURY NORTH,138.62765922,-34.7459457
DAWESLEY,138.95351284,-35.04191941
ULYERRA,135.71115613,-33.41734263
NOARLUNGA CENTRE,138.49612181,-35.14088195
GREENWAYS LANDING,139.67832609,-34.66324451
PORT PARHAM,138.25341733,-34.43326645
PUTAPUTA HOMELAND,129.40044876,-26.19120621
TIPARRA CHURCH,137.84511741,-34.17715643
WILPENA POUND,138.57393745,-31.55900645
WOODS FLAT,139.64621712,-34.23480651
WOODS WELL,138.20586741,-33.06178644
POINT MCLEAY,139.10475712,-35.51717649
INDULKANA,133.3086883,-26.96622626
PINE CREEK STATION,140.95231647,-32.17681596
BUGLE HUT,140.73783229,-34.40623032
BLETCHLEY,138.97761156,-35.25051036
UMBERATANA,139.11383081,-30.17212369
STEINFELD,139.3472998,-34.33524947
YANYARRIE,138.54787568,-32.32421466
TAPEROO,138.50029206,-34.80654039
WATERLOO CORNER,138.5673479,-34.71177796
WEST BEACH,138.50882221,-34.94520216
ROSE PARK,138.62830609,-34.93069696
STOCKYARD CREEK,138.60447125,-34.30606264
PERLUBIE,134.34733274,-32.61081251
GURRA GURRA,140.64029716,-34.30082714
BROUGHTON RIVER VALLEY,138.57636395,-33.55077776
PALMER,139.16007816,-34.85289949
RACECOURSE BAY,140.75259966,-38.05543959
EMU BAY,137.50375535,-35.59065712
WELBOURN HILL,133.91389527,-27.3960307
WOOLUNDUNGA,137.97906175,-32.5708096
ALBERTON,138.51611678,-34.85902274
SUTHERLANDS,139.22604441,-34.15663751
VICTOR HARBOR,138.61181232,-35.5476722
MARLESTON,138.56163143,-34.94533343
HAWTHORN,138.60413299,-34.97097135
GOOLWA SOUTH,138.82060388,-35.53277142
BRINKLEY,139.24312104,-35.23661409
PARHAM,138.25847839,-34.43082247
DUBLIN,138.34890427,-34.45223498
KAPPAWANTA,135.32084927,-33.6622391
LUCKY BAY,137.04361356,-33.7064494
PINE CREEK,139.26799892,-33.21169994
MARLA,133.6224993,-27.29973104
KAPINNIE,135.49764578,-34.13791835
BRUKUNGA,138.95217368,-35.00886726
GLENCOE,140.6130851,-37.6854461
WEST RICHMOND,138.55042224,-34.93931646
ADELAIDE,138.60102724,-34.92867647
PARUNA,140.72979953,-34.71845169
EVERARD PARK,138.57468274,-34.95412839
HARROGATE,138.99815778,-34.97044844
BULL CREEK,138.762201,-35.23527132
TERINGIE,138.70282601,-34.9142379
MULGARIA,137.38829069,-30.16456361
PENFIELD,138.623639,-34.69134753
NORTHERN HEIGHTS,139.25913424,-35.10216613
GAWLER,138.7448869,-34.59733819
FROME DOWNS,140.15625162,-30.61396513
KI KI,139.79405182,-35.56660879
WARD HILL,137.85159033,-33.6788453
KOKATHA,135.39907701,-31.3550933
WATERVALE,138.64936417,-33.96513348
KENTON VALLEY,138.8971738,-34.85773728
WOODFORDE,138.70841077,-34.90477324
MODBURY HEIGHTS,138.68519228,-34.81159872
EVANSTON GARDENS,138.71994072,-34.62810756
SALISBURY PARK,138.66823623,-34.75870889
EYRE,138.65077279,-34.68856452
AGERY,137.70054199,-34.14258462
WYNN VALE,138.68715189,-34.7994076
ELIZABETH VALE,138.66765688,-34.74897143
MOOROOK SOUTH,140.36478897,-34.291923
FITZGERALD BAY,137.75244749,-32.91200042
ARDROSSAN,137.91659134,-34.42481806
BOORS PLAIN,137.70059852,-34.043297
SUNNYVALE,137.82937381,-34.14517811
COROMANDEL VALLEY,138.62362176,-35.04503888
MITCHAM,138.62303528,-34.9842163
BOLIVAR,138.57394495,-34.77123596
WONNA,139.06736683,-33.25601999
CAURNAMONT,139.5901681,-34.86823826
ENCOUNTER BAY,138.5949619,-35.57787949
SPALDING,138.60941833,-33.49740146
KOOLGERA,134.75234544,-32.29764624
CHAIN OF PONDS,138.83931441,-34.81625588
MOUNT MCKENZIE,139.09214375,-34.56601162
EMEROO,137.86535397,-32.34400782
BUTE,138.00626182,-33.86465103
WARNES,139.5047155,-33.40657701
PENONG,133.01093457,-31.92842209
ST KILDA,138.53441273,-34.73853797
PARSONS BEACH,137.48445853,-34.76825639
LAKE EVERARD,135.01462279,-31.65416124
PARRAKIE,140.25065653,-35.38068047
MARYVALE,134.47925051,-32.87281278
BLACKFELLOWS CREEK,138.70973987,-35.25217844
OAKDEN HILLS,137.06257782,-31.64325765
SAPPHIRETOWN,137.78310456,-35.79117338
ST CLAIR,138.5353336,-34.87087769
GLENELG EAST,138.5257952,-34.98163313
HILLCREST,138.64306554,-34.862508
NETLEY,138.54920105,-34.94935348
PORT AUGUSTA,137.76383043,-32.49103992
GLANDORE,138.56833023,-34.96149153
GAWLER RIVER,138.6477525,-34.61026997
TORRENS PARK,138.61365897,-34.98525664
EAST MOONTA,137.62777101,-34.08198511
KARTE,140.69976809,-35.05596812
MCHARG CREEK,138.73251596,-35.27167251
TELOWIE,138.10408826,-33.05412061
WINDSOR,138.31448521,-34.40980827
HORNSDALE,138.5255571,-33.04255498
MOONAREE,135.66676829,-31.87547087
YONGALA,138.74899379,-33.02950449
PERNATTY,137.40620256,-31.39441177
PARKSIDE,138.61664522,-34.94624389
WOODVILLE NORTH,138.54153812,-34.86607123
MOUNT BARKER JUNCTION,138.86861639,-35.0257379
SALISBURY PLAIN,138.66063183,-34.76740127
WALKERVILLE,138.6178565,-34.89187453
GAWLER RANGES,135.33251731,-32.54237687
BOATSWAIN POINT,139.75013358,-37.07060909
LEWISTON,138.59187,-34.60783079
JOHNBURGH,138.70559281,-32.45997394
HOYLETON,138.52956257,-34.00909094
WAURALTEE,137.60266189,-34.5918451
TOLDEROL,139.10579263,-35.37078018
VERDUN,138.7907897,-35.00827099
MAYLANDS,138.63671873,-34.91126657
GARDEN ISLAND,138.53609193,-34.80750029
BALHANNAH,138.82355493,-34.99421291
EVANSTON,138.73370602,-34.61656899
SALISBURY,138.64187668,-34.76404161
HARDY,139.26784465,-32.99382571
KONGAL,140.46353987,-36.37598362
CURNAMONA,139.5879589,-31.67376029
CLIFTON HILLS STATION,139.24964886,-27.1458249
WONGULLA,139.55887094,-34.69954526
GOOD HOPE LANDING,140.1606941,-34.17611986
WANDEARAH WEST,137.93053079,-33.40070797
QUORN,138.04197098,-32.34805803
HENDON,138.51517611,-34.87444617
NORWOOD,138.63209561,-34.92133305
STEPNEY,138.62926628,-34.91228165
POINT STURT,138.98810185,-35.49937262
WINDSOR GARDENS,138.65435352,-34.86552508
BIRKENHEAD,138.50025038,-34.83677657
TORRENS ISLAND,138.52594619,-34.78763958
GUMERACHA,138.8844132,-34.82558048
MOORILLAH,138.49046502,-30.86688413
ROCKLEIGH,139.09876647,-34.99274495
PORT BONYTHON,137.74567518,-32.97178141
CRAIGBURN FARM,138.60491711,-35.04045359
HEATHFIELD,138.71686969,-35.02827666
NORTH BRIGHTON,138.5208598,-35.00505005
NETHERBY,138.62508672,-34.97048465
MOUNT OSMOND,138.65920762,-34.96410498
BUCHFELDE,138.70504263,-34.6096522
BOWHILL,139.68264644,-34.95012487
GLOSSOP,140.52710053,-34.27071063
SANDILANDS,137.78526877,-34.5287586
PENFIELD GARDENS,138.6132515,-34.65845718
SELLICKS BEACH,138.4582367,-35.33082218
SULTANA POINT,137.73908844,-35.1183355
STANSBURY,137.79683737,-34.90994644
CHAPEL HILL,138.76449145,-35.08425434
WHITE SANDS,139.31907789,-35.19579215
HONITON,137.64753943,-35.10356171
THOMPSON BEACH,138.28076396,-34.4854393
CADGEE,140.71106637,-36.7837269
BAROOTA,138.01625609,-32.89892548
PALLAMANA,139.21098493,-35.04390097
PARA HILLS,138.65792745,-34.81211508
KOORINE,140.62294508,-37.6298309
EIGHT MILE CREEK,140.80201978,-38.02093501
HILTABA,135.17826093,-32.20199305
BUNGEROO,136.21393222,-32.79712531
MOUNT BENSON,139.90106082,-37.09748067
HORSNELL GULLY,138.70438937,-34.93509875
GAMMON RANGES,139.17386721,-30.57085701
CARRIETON,138.53034937,-32.42459002
THEVENARD,133.65222978,-32.14485489
ASHFORD,138.57436594,-34.94865585
POINT LOWLY,137.78179283,-32.99386757
DAVOREN PARK,138.66840764,-34.6910719
WEBB BEACH,138.26144953,-34.44765612
WANGOLINA,139.81879143,-36.96477722
MANOORA,138.80470358,-33.99001278
