locality,states
belconnen,"ACT,ACT,ACT"
gungahlin,"ACT,ACT,ACT"
forrest,"ACT,VIC,WA"
mitchell,"ACT,NSW,NT,QLD,SA"
acton,"ACT,TAS"
amaroo,"ACT,NSW,QLD"
bruce,"ACT,SA"
paddys river,"ACT,NSW,NSW"
gilmore,"ACT,NSW"
barton,"ACT,SA"
kingston,"ACT,QLD,SA,TAS,VIC,WA"
o'connor,"ACT,WA"
cook,"ACT,SA"
monash,"ACT,SA"
flynn,"ACT,NT,VIC,WA"
lawson,"ACT,NSW"
holder,"ACT,SA"
macarthur,"ACT,VIC"
chifley,"ACT,NSW"
palmerston,"ACT,QLD"
lyons,"ACT,NT,QLD,VIC"
stirling,"ACT,SA,VIC,WA"
hughes,"ACT,NT"
latham,"ACT,WA"
coree,"ACT,NSW"
oxley,"ACT,NSW,NSW,QLD,VIC"
hawker,"ACT,SA"
red hill,"ACT,NSW,NSW,NSW,QLD,QLD,QLD,QLD,VIC,WA,WA"
franklin,"ACT,TAS"
fisher,"ACT,QLD,SA"
wright,"ACT,SA"
city,"ACT,QLD"
spence,"ACT,SA"
theodore,"ACT,QLD"
griffith,"ACT,NSW"
weston,"ACT,NSW"
gowrie,"ACT,NSW,NSW"
reid,"ACT,SA"
jerrabomberra,"ACT,NSW"
hall,"ACT,ACT"
parkes,"ACT,NSW"
mount clear,"ACT,VIC"
macgregor,"ACT,QLD"
gordon,"ACT,NSW,TAS,VIC"
chisholm,"ACT,NSW"
lambs valley,"NSW,NSW,NSW"
kanimbla,"NSW,QLD"
sefton,"NSW,QLD"
sherwood,"NSW,NSW,NSW,QLD,SA"
punchbowl,"NSW,NSW,TAS"
blair athol,"NSW,SA"
newstead,"NSW,QLD,TAS,VIC"
rocky river,"NSW,NSW"
riverside,"NSW,TAS,VIC"
bulla,"NSW,NT,VIC"
silverton,"NSW,SA"
lismore,"NSW,VIC"
black range,"NSW,VIC"
windera,"NSW,QLD"
woodcroft,"NSW,SA"
clare,"NSW,QLD,SA"
fairlight,"NSW,QLD"
palmdale,"NSW,WA"
charlton,"NSW,QLD,SA,VIC"
ben lomond,"NSW,TAS"
surf beach,"NSW,VIC"
boat harbour,"NSW,NSW,NSW,TAS"
cross roads,"NSW,SA,VIC"
blaxland,"NSW,QLD"
wallaga lake,"NSW,NSW"
springside,"NSW,QLD"
oakhurst,"NSW,QLD"
tenterden,"NSW,WA"
wallaroo,"NSW,QLD,SA,WA"
broadwater,"NSW,NSW,NSW,QLD,VIC,WA"
oyster cove,"NSW,TAS"
arcadia,"NSW,QLD,VIC"
purfleet,"NSW,NSW"
spring creek,"NSW,NT,QLD,QLD,QLD"
deep creek,"NSW,NSW,NSW,NSW,QLD,SA"
glendale,"NSW,QLD"
marengo,"NSW,VIC"
coldstream,"NSW,VIC"
woodhill,"NSW,QLD"
rose bay,"NSW,TAS"
wattamolla,"NSW,NSW"
lyndhurst,"NSW,NSW,QLD,SA,VIC"
canterbury,"NSW,VIC"
sunshine,"NSW,VIC"
barratta,"NSW,QLD"
craigie,"NSW,VIC,WA"
back creek,"NSW,NSW,NSW,NSW,NSW,NSW"
one mile,"NSW,QLD,QLD"
yenda,"NSW,QLD"
myrtle creek,"NSW,VIC"
bakers creek,"NSW,NSW,NSW,NSW,QLD"
greenlands,"NSW,NSW,QLD"
ivanhoe,"NSW,VIC"
springfield,"NSW,NSW,QLD,QLD,SA,TAS,VIC,VIC,VIC,WA"
budgee budgee,"NSW,VIC"
enmore,"NSW,NSW,NSW"
torryburn,"NSW,NSW,NSW"
mountain view,"NSW,VIC"
auburn,"NSW,QLD,SA"
yarraman,"NSW,QLD"
stony creek,"NSW,NSW,QLD,VIC,VIC"
strathfield,"NSW,QLD"
appin,"NSW,VIC"
kia ora,"NSW,QLD"
hay,"NSW,WA"
greenhill,"NSW,NSW,SA,VIC"
spring farm,"NSW,SA"
colinton,"NSW,QLD"
ravensworth,"NSW,QLD"
corndale,"NSW,QLD,VIC"
baw baw,"NSW,VIC"
rosehill,"NSW,QLD"
dural,"NSW,NSW"
wog wog,"NSW,NSW"
swan bay,"NSW,NSW,TAS,VIC"
morven,"NSW,NSW,NSW,QLD"
abbotsford,"NSW,QLD,VIC"
esk,"NSW,QLD"
kew,"NSW,VIC"
araluen,"NSW,NT,QLD"
brooklyn,"NSW,TAS,VIC"
forest grove,"NSW,WA"
bucca,"NSW,QLD"
bentley,"NSW,WA"
spring hill,"NSW,NSW,QLD,QLD,VIC"
bald hills,"NSW,QLD,SA,VIC"
mayfield,"NSW,NSW,NSW,NSW,NSW,SA,TAS"
rocky plain,"NSW,SA"
yattalunga,"NSW,SA"
raglan,"NSW,QLD,VIC"
miranda,"NSW,SA"
cassilis,"NSW,VIC"
milroy,"NSW,NSW"
vittoria,"NSW,WA"
edith,"NSW,NT"
killingworth,"NSW,VIC"
glenelg,"NSW,SA"
castle hill,"NSW,QLD"
shadforth,"NSW,WA"
san remo,"NSW,VIC,WA"
mountain creek,"NSW,QLD"
the rocks,"NSW,NSW"
yarras,"NSW,NSW"
somerton,"NSW,VIC"
tipperary,"NSW,NT"
balmoral,"NSW,NSW,QLD,VIC"
stockton,"NSW,QLD"
mogo,"NSW,NSW,NSW"
green point,"NSW,NSW"
hampton,"NSW,QLD,VIC"
penshurst,"NSW,VIC"
huntley,"NSW,NSW"
dundas,"NSW,QLD,WA"
caldwell,"NSW,SA"
bell,"NSW,QLD"
merriwa,"NSW,WA"
washpool,"NSW,NSW,QLD,SA"
kingswood,"NSW,NSW,NSW,SA"
colo,"NSW,NSW,NSW"
hill top,"NSW,NSW,NSW"
smiths creek,"NSW,NSW,NSW"
greendale,"NSW,NSW,VIC"
halls creek,"NSW,WA"
timor,"NSW,VIC"
westwood,"NSW,QLD,TAS,WA"
kooringal,"NSW,QLD"
st george,"NSW,QLD"
bassendean,"NSW,WA"
st andrews,"NSW,VIC"
walmer,"NSW,VIC"
sugarloaf,"NSW,QLD,QLD,VIC"
sandy point,"NSW,VIC"
ravenswood,"NSW,QLD,TAS,VIC,WA"
four mile creek,"NSW,NSW,NSW,TAS"
glenwood,"NSW,QLD"
cedar creek,"NSW,NSW,NSW,QLD,QLD"
silverwater,"NSW,NSW"
carrington,"NSW,NSW,QLD"
willoughby,"NSW,SA"
ettrick,"NSW,SA"
torrington,"NSW,QLD"
miandetta,"NSW,TAS"
milton,"NSW,QLD"
newport,"NSW,QLD,VIC"
glenfield,"NSW,WA"
windsor,"NSW,QLD,SA,VIC"
sutton,"NSW,VIC"
springvale,"NSW,NSW,QLD,VIC"
seven hills,"NSW,QLD"
cavan,"NSW,SA"
palmwoods,"NSW,QLD"
theresa creek,"NSW,QLD"
rose valley,"NSW,NSW"
brumby plains,"NSW,NT"
baryulgil,"NSW,NSW"
rosebery,"NSW,NT,TAS,VIC"
muli muli,"NSW,NSW"
sandilands,"NSW,SA"
cabbage tree island,"NSW,NSW"
the glen,"NSW,QLD"
watsons creek,"NSW,VIC"
broke,"NSW,WA"
enfield,"NSW,SA,VIC"
paddys flat,"NSW,NSW,NSW"
rocky creek,"NSW,NSW,NSW,NSW,QLD"
long point,"NSW,NSW,NSW"
westdale,"NSW,NSW,NSW,NSW,WA"
argyle,"NSW,VIC,WA"
maryland,"NSW,NSW,NSW"
collingwood,"NSW,VIC"
murrin bridge,"NSW,NSW"
mount elliot,"NSW,QLD"
summer hill,"NSW,NSW,NSW,NSW"
waterloo,"NSW,QLD,SA,TAS,VIC,WA"
emu heights,"NSW,TAS"
pretty beach,"NSW,NSW,NSW"
coogee,"NSW,WA"
hillgrove,"NSW,NSW"
birdwood,"NSW,SA"
wandella,"NSW,VIC"
lorne,"NSW,VIC"
ellerslie,"NSW,NSW,NSW,VIC"
hillsborough,"NSW,NSW,NSW"
long plain,"NSW,NSW,NSW"
penrose,"NSW,NSW,NSW"
razorback,"NSW,NSW"
riverview,"NSW,NSW,NSW,QLD"
black creek,"NSW,NSW"
cawdor,"NSW,QLD"
bayview,"NSW,NT"
wattle flat,"NSW,SA,VIC"
collaroy,"NSW,QLD"
cadgee,"NSW,SA"
barry,"NSW,NSW"
blackwall,"NSW,TAS"
wellington,"NSW,SA"
toongabbie,"NSW,VIC"
highfields,"NSW,QLD"
falls creek,"NSW,VIC"
coppabella,"NSW,QLD"
londonderry,"NSW,WA"
smithfield,"NSW,QLD,SA"
barrington,"NSW,TAS"
burwood,"NSW,VIC"
leichhardt,"NSW,QLD"
forbes,"NSW,VIC"
lockhart,"NSW,QLD"
collie,"NSW,WA"
binna burra,"NSW,QLD"
southampton,"NSW,WA"
argoon,"NSW,QLD"
ryan,"NSW,QLD"
lynwood,"NSW,WA"
homebush,"NSW,QLD,VIC"
st leonards,"NSW,TAS,VIC"
bangor,"NSW,SA,TAS"
long flat,"NSW,QLD,SA"
annandale,"NSW,QLD"
yamba,"NSW,SA"
wickham,"NSW,NT,TAS,WA"
avon,"NSW,SA"
hinchinbrook,"NSW,QLD"
plumpton,"NSW,VIC"
blackbutt,"NSW,QLD"
hartley,"NSW,SA"
ashfield,"NSW,QLD,WA"
dalwood,"NSW,NSW"
cheltenham,"NSW,QLD,SA,VIC"
woodlands,"NSW,NSW,QLD,WA"
kensington,"NSW,QLD,SA,VIC,WA"
epping,"NSW,VIC"
broughton,"NSW,QLD,VIC"
ashby,"NSW,WA"
thornton,"NSW,QLD,VIC"
limeburners creek,"NSW,NSW"
seaforth,"NSW,QLD"
crescent head,"NSW,NSW"
woodbine,"NSW,QLD"
palm grove,"NSW,QLD"
cattle creek,"NSW,QLD,QLD,WA"
kulwin,"NSW,VIC"
reefton,"NSW,VIC"
lansdowne,"NSW,NSW,NT,QLD"
reedy creek,"NSW,QLD,SA,VIC,VIC"
deepwater,"NSW,QLD,SA"
woodstock,"NSW,NSW,NSW,QLD,TAS,VIC"
white rock,"NSW,QLD,QLD"
woodford,"NSW,QLD,VIC"
casuarina,"NSW,NT,WA"
greta,"NSW,VIC"
windeyer,"NSW,QLD"
worlds end,"NSW,SA"
wilton,"NSW,NT"
willow vale,"NSW,NSW,QLD"
willi willi,"NSW,SA"
cardiff,"NSW,WA"
granville,"NSW,QLD,WA"
tottenham,"NSW,VIC"
lakelands,"NSW,WA"
waverley,"NSW,QLD,TAS"
st peters,"NSW,SA"
crystal creek,"NSW,QLD"
singleton,"NSW,WA"
peak hill,"NSW,WA"
newbridge,"NSW,VIC"
safety beach,"NSW,VIC"
windermere,"NSW,QLD,TAS,VIC"
mungindi,"NSW,QLD"
apsley,"NSW,TAS,VIC"
waratah,"NSW,TAS"
glencoe,"NSW,QLD,SA,WA"
box hill,"NSW,VIC"
bonshaw,"NSW,QLD,VIC"
longreach,"NSW,QLD"
sydenham,"NSW,VIC"
sutherland,"NSW,VIC"
killara,"NSW,VIC,VIC,VIC"
exeter,"NSW,SA,TAS"
melville,"NSW,WA"
green hills,"NSW,NSW"
cleveland,"NSW,QLD,TAS"
newtown,"NSW,QLD,QLD,VIC,VIC"
croydon,"NSW,QLD,SA,VIC"
bangalee,"NSW,QLD"
bidwill,"NSW,QLD"
mingoola,"NSW,QLD"
millbank,"NSW,QLD"
malabugilmah,"NSW,NSW"
coolgardie,"NSW,WA"
camp creek,"NSW,NT,QLD"
darlington,"NSW,NSW,QLD,SA,VIC,WA"
mulgrave,"NSW,QLD,VIC"
calliope,"NSW,QLD"
carramar,"NSW,WA"
camboon,"NSW,QLD"
dry creek,"NSW,SA"
killawarra,"NSW,VIC"
gladstone,"NSW,SA,TAS"
osborne,"NSW,QLD,SA"
paterson,"NSW,QLD"
paradise,"NSW,SA,TAS,VIC,WA"
camberwell,"NSW,VIC"
scotts creek,"NSW,VIC"
stanhope,"NSW,VIC"
the basin,"NSW,VIC"
rookwood,"NSW,QLD"
lilli pilli,"NSW,NSW"
cottonvale,"NSW,QLD"
corinella,"NSW,VIC"
sun valley,"NSW,QLD"
timbarra,"NSW,VIC"
dunolly,"NSW,VIC"
orange grove,"NSW,WA"
howick,"NSW,WA"
sandy gully,"NSW,WA"
croydon park,"NSW,SA"
northwood,"NSW,VIC"
oakwood,"NSW,QLD"
glenroy,"NSW,NSW,QLD,SA,VIC"
alison,"NSW,NSW"
irymple,"NSW,VIC"
booral,"NSW,QLD"
manton,"NSW,NT"
melrose park,"NSW,SA"
eltham,"NSW,VIC"
lucknow,"NSW,VIC"
avoca,"NSW,QLD,TAS,VIC"
dunkeld,"NSW,QLD,VIC"
meadowbank,"NSW,TAS"
forest hill,"NSW,QLD,VIC,WA"
brookfield,"NSW,QLD,VIC"
lochiel,"NSW,SA"
linden,"NSW,QLD"
south arm,"NSW,NSW,TAS"
black hill,"NSW,SA,SA,VIC"
buxton,"NSW,QLD,VIC"
clunes,"NSW,VIC"
bray park,"NSW,QLD"
eungella,"NSW,QLD"
fernvale,"NSW,QLD"
shelly beach,"NSW,QLD,QLD"
pomona,"NSW,QLD"
limestone,"NSW,QLD,VIC"
blackheath,"NSW,VIC"
aberdeen,"NSW,TAS"
belmont,"NSW,QLD,VIC,WA"
north arm,"NSW,QLD"
wattle grove,"NSW,QLD,TAS,WA"
picton,"NSW,WA"
lilyvale,"NSW,QLD,QLD"
balaclava,"NSW,VIC"
fairfield,"NSW,QLD,VIC"
redbank,"NSW,QLD,VIC,WA"
woodburn,"NSW,NSW"
nelson bay,"NSW,TAS"
rosebrook,"NSW,VIC"
georgetown,"NSW,QLD,SA"
hobartville,"NSW,QLD"
henty,"NSW,VIC,WA"
eureka,"NSW,QLD,VIC"
sandy creek,"NSW,NSW,QLD,SA,VIC"
kangaroo point,"NSW,QLD"
forest glen,"NSW,QLD"
portland,"NSW,VIC"
scarborough,"NSW,QLD,WA"
texas,"NSW,QLD"
retreat,"NSW,TAS"
olinda,"NSW,VIC"
burra,"NSW,NSW,SA"
sandringham,"NSW,QLD,VIC"
moorland,"NSW,QLD"
nyora,"NSW,VIC"
rosedale,"NSW,QLD,SA,VIC"
brookdale,"NSW,WA"
chatsworth,"NSW,QLD,VIC"
northbridge,"NSW,WA"
mount olive,"NSW,NSW"
valentine,"NSW,WA"
lawrence,"NSW,VIC"
wentworth,"NSW,VIC"
richmond,"NSW,QLD,QLD,SA,TAS,VIC"
taylors beach,"NSW,QLD"
camperdown,"NSW,VIC"
guildford,"NSW,TAS,VIC,WA"
maryvale,"NSW,QLD,QLD,SA,VIC"
hill end,"NSW,VIC"
robertson,"NSW,QLD"
yellow rock,"NSW,NSW"
ashford,"NSW,SA"
freshwater,"NSW,QLD"
coolangatta,"NSW,QLD"
gin gin,"NSW,QLD"
como,"NSW,QLD,WA"
wollogorang,"NSW,NT"
green gully,"NSW,VIC"
cooma,"NSW,VIC"
stanmore,"NSW,QLD"
avalon,"NSW,VIC"
paling yards,"NSW,NSW,NSW"
o'connell,"NSW,QLD"
bradbury,"NSW,SA"
mount hope,"NSW,SA"
winton,"NSW,QLD,VIC"
elderslie,"NSW,NSW,TAS"
wyndham,"NSW,WA"
westbrook,"NSW,QLD"
kelso,"NSW,QLD,TAS"
charlestown,"NSW,QLD"
mount hutton,"NSW,QLD"
buchanan,"NSW,NT,QLD,SA"
wilberforce,"NSW,WA"
oatlands,"NSW,TAS"
sandgate,"NSW,QLD"
stockyard creek,"NSW,SA"
glanmire,"NSW,QLD"
black springs,"NSW,SA"
tennyson,"NSW,QLD,SA,VIC"
fletcher,"NSW,QLD"
lake albert,"NSW,SA"
campbelltown,"NSW,SA,VIC"
weilmoringle,"NSW,NSW"
the gap,"NSW,NSW,NT,QLD,QLD,SA"
hexham,"NSW,VIC"
ebenezer,"NSW,QLD,SA"
mimosa,"NSW,QLD"
sebastopol,"NSW,SA,VIC"
swansea,"NSW,TAS"
maitland,"NSW,SA,WA"
eastwood,"NSW,SA,VIC"
federal,"NSW,QLD"
beaumont,"NSW,SA,WA"
rossmore,"NSW,WA"
pelican,"NSW,QLD"
lilydale,"NSW,QLD,TAS,VIC"
springwood,"NSW,QLD"
lewisham,"NSW,TAS"
maude,"NSW,SA,VIC"
clarendon,"NSW,QLD,SA,VIC"
glenmore,"NSW,VIC"
woodville,"NSW,SA"
palm beach,"NSW,QLD"
dunmore,"NSW,QLD"
forster,"NSW,SA"
chichester,"NSW,WA"
patonga,"NSW,NT"
sassafras,"NSW,TAS,VIC"
manly,"NSW,QLD"
kings plains,"NSW,NSW"
regents park,"NSW,QLD"
iluka,"NSW,WA"
pimlico,"NSW,QLD"
ironbark,"NSW,QLD,VIC"
oakdale,"NSW,QLD"
carrick,"NSW,TAS"
glebe,"NSW,QLD,TAS"
osterley,"NSW,TAS"
majors creek,"NSW,QLD"
wombat creek,"NSW,VIC"
forestville,"NSW,SA"
nelson,"NSW,NSW,VIC"
aratula,"NSW,QLD"
flinders,"NSW,VIC"
bulga,"NSW,VIC"
hungerford,"NSW,QLD"
cascade,"NSW,WA"
pine lodge,"NSW,VIC"
speewa,"NSW,VIC"
taradale,"NSW,VIC"
myalla,"NSW,TAS"
big hill,"NSW,VIC,VIC,VIC,VIC"
bundanoon,"NSW,WA"
st albans,"NSW,VIC"
little river,"NSW,VIC"
georges creek,"NSW,VIC"
black mountain,"NSW,QLD"
glenrock,"NSW,QLD"
cromer,"NSW,SA"
babinda,"NSW,QLD"
stonehenge,"NSW,QLD,QLD,TAS"
parkville,"NSW,VIC"
green valley,"NSW,NT,WA"
allandale,"NSW,QLD"
invergordon,"NSW,VIC"
yarrawonga,"NSW,NT,VIC"
pine grove,"NSW,VIC"
st clair,"NSW,NSW,SA,VIC"
wedderburn,"NSW,VIC"
cremorne,"NSW,QLD,TAS,VIC"
salisbury,"NSW,QLD,SA"
north shore,"NSW,VIC"
bolwarra,"NSW,QLD,VIC"
beaconsfield,"NSW,QLD,TAS,VIC,WA"
abington,"NSW,QLD"
carlton,"NSW,TAS,VIC"
ringwood,"NSW,QLD,VIC"
centennial park,"NSW,WA"
eglinton,"NSW,WA"
north haven,"NSW,SA"
mirrabooka,"NSW,WA"
woodside,"NSW,SA,VIC"
camden park,"NSW,SA"
richlands,"NSW,QLD"
st marys,"NSW,SA,TAS"
prospect,"NSW,QLD,SA,TAS"
kingsford,"NSW,SA,WA"
springdale,"NSW,QLD"
uralla,"NSW,NT"
avondale,"NSW,QLD"
mount george,"NSW,SA"
cathcart,"NSW,VIC"
cabarita,"NSW,NSW,VIC"
clydesdale,"NSW,VIC"
warroo,"NSW,QLD"
stratford,"NSW,QLD,VIC"
st ives,"NSW,SA"
locksley,"NSW,VIC"
crows nest,"NSW,QLD"
shoal bay,"NSW,NT"
swan creek,"NSW,QLD"
mortlake,"NSW,VIC"
kings park,"NSW,SA,VIC,WA"
magenta,"NSW,WA"
wattle ridge,"NSW,QLD"
rosewood,"NSW,NSW,QLD"
breadalbane,"NSW,QLD,TAS"
orient point,"NSW,NSW"
lakewood,"NSW,WA"
oaklands,"NSW,SA"
ellangowan,"NSW,QLD"
myall park,"NSW,QLD"
curlewis,"NSW,VIC"
hamilton,"NSW,QLD,SA,TAS,VIC"
clontarf,"NSW,QLD,QLD"
fassifern,"NSW,QLD"
barringun,"NSW,QLD"
paddington,"NSW,QLD"
richmond hill,"NSW,QLD"
havilah,"NSW,VIC"
maldon,"NSW,VIC"
cabbage tree,"NSW,VIC"
hillcrest,"NSW,QLD,SA,TAS,VIC"
namatjira,"NSW,NT"
silverdale,"NSW,QLD"
bannister,"NSW,WA"
heathcote,"NSW,VIC"
sandon,"NSW,VIC"
llanarth,"NSW,QLD"
kianga,"NSW,QLD"
myola,"NSW,VIC"
newington,"NSW,VIC"
spring mountain,"NSW,QLD"
tara,"NSW,NT,NT,QLD"
clyde,"NSW,VIC"
mount cooper,"NSW,SA"
camira,"NSW,QLD"
mount pleasant,"NSW,QLD,QLD,SA,VIC,WA"
tocal,"NSW,QLD"
maffra,"NSW,VIC"
girraween,"NSW,NT,QLD"
wrights creek,"NSW,QLD"
pinnacle,"NSW,QLD"
curramore,"NSW,QLD"
queens park,"NSW,WA"
sunset strip,"NSW,VIC"
clifton,"NSW,QLD,WA"
queenscliff,"NSW,VIC"
codrington,"NSW,VIC"
rocky point,"NSW,QLD,QLD,SA,VIC"
amoonguna,"NT,NT"
angurugu,"NT,NT"
areyonga,"NT,NT"
jilkminggan,"NT,NT"
kalkarindji,"NT,NT"
kintore,"NT,NT"
eight mile,"NT,QLD"
emu point,"NT,WA"
engawala,"NT,NT"
finke,"NT,NT"
five mile,"NT,WA"
lajamanu,"NT,NT"
laramba,"NT,NT"
gapuwiyak,"NT,NT"
hermannsburg,"NT,NT"
humpty doo,"NT,NT"
imanpa,"NT,NT"
gunbalanya,"NT,NT"
daguragu,"NT,NT"
kaltukatjara,"NT,NT"
pirlangimpi,"NT,NT"
pmara jutunta,"NT,NT"
mount liebig,"NT,NT"
mulga bore,"NT,SA"
imangara,"NT,NT"
mutitjulu,"NT,NT"
nauiyu,"NT,NT"
nemarluk,"NT,NT"
nganmarriyanga,"NT,NT"
costello,"NT,NT"
barunga,"NT,NT"
delamere,"NT,SA"
minjilang,"NT,NT"
canteen creek,"NT,NT"
galiwinku,"NT,NT"
belyuen,"NT,NT"
acacia hills,"NT,TAS"
yuendumu,"NT,NT"
flying fox,"NT,QLD,WA"
pine creek,"NT,QLD,SA"
gillen,"NT,SA"
eaton,"NT,QLD,WA"
wadeye,"NT,NT"
stuart,"NT,QLD,SA"
alpurrurulam,"NT,NT"
ampilatwatja,"NT,NT"
ali curung,"NT,NT"
papunya,"NT,NT"
haasts bluff,"NT,NT"
calvert,"NT,QLD"
yirrkala,"NT,NT"
chilla well,"NT,NT"
wutunugurra,"NT,NT"
nyirripi,"NT,NT"
gray,"NT,TAS"
atitjere,"NT,NT"
gunyangara,"NT,NT"
wallace rockhole,"NT,NT"
larapinta,"NT,QLD"
wurrumiyanga,"NT,NT"
durack,"NT,QLD,WA"
the narrows,"NT,QLD"
warruwi,"NT,NT"
umbakumba,"NT,NT"
southport,"NT,QLD,TAS"
ngukurr,"NT,NT"
numbulwar,"NT,NT"
milingimbi,"NT,NT"
maningrida,"NT,NT"
titjikala,"NT,NT"
milyakburra,"NT,NT"
wilora,"NT,NT"
elliott,"NT,QLD,TAS"
ramingining,"NT,NT"
acacia larrakia,"NT,NT"
davenport,"NT,SA,SA,WA"
willowra,"NT,NT"
coonawarra,"NT,SA"
pinelands,"NT,QLD"
margaret river,"NT,WA"
tablelands,"NT,QLD,QLD"
yuelamu,"NT,NT"
ross,"NT,TAS"
cossack,"NT,WA"
the gardens,"NT,TAS"
wishart,"NT,QLD"
arnold,"NT,VIC"
warumungu,"NT,NT"
beswick,"NT,NT"
tanami,"NT,WA"
gregory,"NT,QLD,WA"
yarralin,"NT,NT"
hart,"NT,SA"
santa teresa,"NT,NT"
hidden valley,"NT,QLD,QLD"
virginia,"NT,QLD,SA"
binjari,"NT,NT"
peppimenarti,"NT,NT"
miniyeri,"NT,NT"
nicholson,"NT,QLD,VIC"
milikapiti,"NT,NT"
cobourg,"NT,NT"
simpson,"NT,VIC"
robinson river,"NT,NT"
nturiya,"NT,NT"
blackwater,"NT,QLD"
cannon hill,"NT,QLD"
mistake creek,"NT,QLD"
oak valley,"NT,QLD,SA,SA"
leichardt,"NT,VIC"
sandy bay,"NT,TAS"
pine hill,"NT,QLD,SA"
duck ponds,"NT,SA"
10 mile,"NT,SA"
sunnyside,"QLD,QLD,QLD,QLD,SA,TAS,WA"
garfield,"QLD,VIC"
preston,"QLD,QLD,QLD,TAS,VIC"
unnamed locality,"QLD,QLD,QLD"
wooroonooran,"QLD,QLD,QLD,QLD"
green island,"QLD,QLD,QLD"
cannon creek,"QLD,QLD,QLD"
greenmount,"QLD,QLD,QLD,WA"
scrubby creek,"QLD,QLD,QLD,QLD"
narbethong,"QLD,VIC"
mowbray,"QLD,TAS"
prince of wales,"QLD,QLD"
ascot,"QLD,QLD,QLD,QLD,VIC,VIC,VIC,WA"
dunrobin,"QLD,VIC"
running creek,"QLD,VIC"
jindalee,"QLD,WA"
devon park,"QLD,SA"
christmas creek,"QLD,QLD"
thursday island,"QLD,QLD"
highbury,"QLD,SA,WA"
st helens,"QLD,QLD,TAS,VIC"
birnam,"QLD,QLD"
whitfield,"QLD,VIC"
maryborough,"QLD,VIC"
black river,"QLD,TAS"
carina,"QLD,VIC"
clifton beach,"QLD,TAS"
boonah,"QLD,VIC"
mansfield,"QLD,VIC"
cranbrook,"QLD,TAS,WA"
pioneer,"QLD,TAS"
shoalwater,"QLD,WA"
parklands,"QLD,TAS,WA"
bungil,"QLD,VIC"
brighton,"QLD,SA,TAS,VIC"
mackenzie,"QLD,QLD"
daisy hill,"QLD,VIC"
redgate,"QLD,WA"
sundown,"QLD,QLD,QLD,QLD,QLD"
elphinstone,"QLD,QLD,VIC"
runnymede,"QLD,TAS,VIC"
hammond island,"QLD,QLD"
ironpot,"QLD,QLD,QLD"
mount archer,"QLD,QLD,QLD"
gilberton,"QLD,QLD,QLD,QLD,SA"
wangaratta,"QLD,VIC"
castle creek,"QLD,VIC"
melrose,"QLD,SA,TAS"
greenwood,"QLD,WA"
stoneleigh,"QLD,VIC"
cunningham,"QLD,SA"
woodleigh,"QLD,SA,VIC,WA"
west end,"QLD,QLD,WA"
palm island,"QLD,QLD"
hyde park,"QLD,SA"
the bluff,"QLD,QLD"
douglas,"QLD,QLD,VIC"
balgowan,"QLD,SA"
manoora,"QLD,SA"
northgate,"QLD,SA"
bellevue,"QLD,WA"
taunton,"QLD,SA"
rangemore,"QLD,QLD,QLD"
beaufort,"QLD,SA,VIC"
albion,"QLD,QLD,QLD,VIC"
wonga,"QLD,VIC"
woodend,"QLD,VIC"
mount stuart,"QLD,TAS"
willowvale,"QLD,VIC"
hampden,"QLD,SA"
woodbury,"QLD,TAS"
goldsborough,"QLD,VIC"
hendon,"QLD,SA"
donnybrook,"QLD,VIC,WA"
millstream,"QLD,WA"
mapoon,"QLD,QLD"
western creek,"QLD,TAS"
highland plains,"QLD,QLD"
nirimba,"QLD,WA"
cambridge,"QLD,TAS"
brandy creek,"QLD,VIC"
burnside,"QLD,SA,VIC,WA"
bellfield,"QLD,VIC,VIC"
lockyer,"QLD,WA"
basalt,"QLD,VIC"
bundoora,"QLD,VIC"
lumeah,"QLD,WA"
waterford,"QLD,WA"
armstrong creek,"QLD,VIC"
golden beach,"QLD,VIC"
stewarton,"QLD,VIC"
blackstone,"QLD,WA"
woorabinda,"QLD,QLD"
murphys creek,"QLD,VIC"
victory heights,"QLD,WA"
forrest beach,"QLD,WA"
crystal brook,"QLD,SA"
childers,"QLD,VIC"
wyuna,"QLD,VIC"
gregory river,"QLD,QLD"
cockatoo,"QLD,VIC,WA"
greenvale,"QLD,VIC"
alligator creek,"QLD,QLD"
ventnor,"QLD,VIC"
fulham,"QLD,SA,VIC"
alexandra,"QLD,VIC"
yarrabah,"QLD,QLD"
chandler,"QLD,WA"
pine mountain,"QLD,VIC"
netherby,"QLD,SA,VIC"
lamington,"QLD,WA"
blue mountain,"QLD,QLD"
rosevale,"QLD,TAS"
round hill,"QLD,TAS"
killarney,"QLD,VIC"
mount lindesay,"QLD,WA"
midgee,"QLD,SA"
chapel hill,"QLD,SA"
ridgewood,"QLD,WA"
menzies,"QLD,SA,WA"
soldiers hill,"QLD,VIC"
emu creek,"QLD,VIC,WA"
wujal wujal,"QLD,QLD"
strathmore,"QLD,VIC"
palmyra,"QLD,WA"
cherbourg,"QLD,QLD"
badu island,"QLD,QLD"
mossman gorge,"QLD,QLD"
goodwood,"QLD,SA,TAS"
mount walker,"QLD,WA"
pormpuraaw,"QLD,QLD"
landsborough,"QLD,VIC"
burton,"QLD,SA"
prairie,"QLD,VIC"
moa island,"QLD,QLD"
st kilda,"QLD,SA,VIC"
epsom,"QLD,VIC"
glenlee,"QLD,VIC"
elgin,"QLD,WA"
aurukun,"QLD,QLD"
eight mile creek,"QLD,SA"
middleton,"QLD,SA,TAS"
clinton,"QLD,SA"
underwood,"QLD,TAS"
archer river,"QLD,QLD"
torquay,"QLD,VIC"
north branch,"QLD,QLD"
collinsville,"QLD,SA"
mosman park,"QLD,WA"
mia mia,"QLD,VIC"
woodridge,"QLD,WA"
hopeland,"QLD,WA"
victoria point,"QLD,VIC"
alberton,"QLD,SA,TAS,VIC"
moorina,"QLD,TAS"
kimberley,"QLD,TAS"
warburton,"QLD,VIC,WA,WA"
boigu island,"QLD,QLD"
saibai island,"QLD,QLD"
selwyn,"QLD,VIC"
dysart,"QLD,TAS"
rockingham,"QLD,WA"
buckland,"QLD,TAS,VIC,WA"
redcliffe,"QLD,WA"
newlands,"QLD,WA"
jericho,"QLD,SA,TAS,VIC"
warwick,"QLD,WA"
rocklea,"QLD,WA"
churchill,"QLD,VIC"
mount sheridan,"QLD,WA"
moresby,"QLD,WA"
shelburne,"QLD,QLD"
nine mile,"QLD,VIC"
eskdale,"QLD,VIC"
cornwall,"QLD,TAS"
barkly,"QLD,VIC"
palmer,"QLD,SA,WA"
grassdale,"QLD,VIC"
stockyard,"QLD,QLD"
umagico,"QLD,QLD"
middle park,"QLD,VIC"
new mapoon,"QLD,QLD"
seisia,"QLD,QLD"
the pines,"QLD,SA"
somerset,"QLD,TAS"
inglewood,"QLD,SA,VIC,WA"
bannockburn,"QLD,VIC"
mabuiag island,"QLD,QLD"
the range,"QLD,SA"
bamaga,"QLD,QLD"
inkerman,"QLD,SA,VIC"
albany,"QLD,WA"
kowanyama,"QLD,QLD"
doomadgee,"QLD,QLD"
injinoo,"QLD,QLD"
dajarra,"QLD,QLD"
dauan island,"QLD,QLD"
mona mona,"QLD,QLD"
wungu,"QLD,WA"
yallambie,"QLD,VIC"
lockhart river,"QLD,QLD"
warraber islet,"QLD,QLD"
hope vale,"QLD,QLD"
ramsay,"QLD,SA"
langley,"QLD,VIC"
greens creek,"QLD,VIC"
wellesley,"QLD,WA"
collingwood park,"QLD,WA"
grange,"QLD,SA"
browns plains,"QLD,VIC"
emerald,"QLD,VIC"
glenlyon,"QLD,VIC"
pheasant creek,"QLD,VIC"
laura,"QLD,SA"
gladfield,"QLD,VIC"
buckingham,"QLD,SA,WA"
happy valley,"QLD,SA,SA,VIC,VIC,VIC"
dromedary,"QLD,TAS"
parkside,"QLD,SA"
margate,"QLD,TAS"
glenfern,"QLD,TAS"
cosgrove,"QLD,VIC"
glenorchy,"QLD,TAS,VIC"
ross creek,"QLD,VIC"
riverton,"QLD,SA,WA"
southern cross,"QLD,VIC,WA"
mornington,"QLD,TAS,VIC,WA"
montrose,"QLD,QLD,TAS,VIC"
shannonvale,"QLD,VIC"
parkwood,"QLD,WA"
steiglitz,"QLD,VIC"
pelham,"QLD,TAS"
germantown,"QLD,VIC"
st agnes,"QLD,SA"
sturt,"QLD,SA"
georgina,"QLD,WA"
dixie,"QLD,VIC"
bonnie doon,"QLD,VIC"
leigh creek,"SA,VIC"
emu flat,"SA,WA"
alma,"SA,VIC,WA"
stanley,"SA,TAS,VIC"
malvern,"SA,VIC"
yelta,"SA,VIC"
piccadilly,"SA,WA"
amata,"SA,SA"
cultana,"SA,SA"
erskine,"SA,WA"
evandale,"SA,TAS"
raukkan,"SA,SA"
toora,"SA,VIC"
rocky gully,"SA,WA"
macclesfield,"SA,VIC"
watinuma,"SA,SA"
swan reach,"SA,VIC"
watarru,"SA,SA"
kalka,"SA,SA"
pipalyatjara,"SA,SA"
yunyarinyi,"SA,SA"
umuwa,"SA,SA"
erith,"SA,SA"
mimili,"SA,SA"
altona,"SA,VIC"
new well,"SA,SA"
kanpi,"SA,SA"
nyapari,"SA,SA"
nepabunna,"SA,SA"
george town,"SA,TAS"
pompoota,"SA,SA"
sherlock,"SA,WA"
butler,"SA,WA"
dudley park,"SA,WA"
north beach,"SA,WA"
gerard,"SA,SA"
koonibba,"SA,SA"
mount willoughby,"SA,SA"
beverley,"SA,WA"
jamieson,"SA,VIC"
venus bay,"SA,VIC"
freeling,"SA,SA"
queenstown,"SA,TAS"
strathalbyn,"SA,WA"
highgate,"SA,WA"
woods point,"SA,VIC"
port arthur,"SA,TAS"
myrtle bank,"SA,TAS"
hindmarsh,"SA,WA"
tranmere,"SA,TAS"
mount barker,"SA,WA"
hope valley,"SA,WA"
fregon,"SA,SA"
brinkley,"SA,SA,SA"
mitchell park,"SA,VIC"
seaford,"SA,VIC"
mount observation,"SA,WA"
seaton,"SA,VIC"
ashbourne,"SA,VIC"
woolshed flat,"SA,VIC"
laura bay,"SA,SA"
marion bay,"SA,TAS"
narrung,"SA,VIC"
rochester,"SA,VIC"
leigh creek station,"SA,SA"
wedge island,"SA,WA"
brentwood,"SA,WA"
millbrook,"SA,VIC,WA"
point pearce,"SA,SA"
williamstown,"SA,VIC,WA"
hill river,"SA,WA"
bright,"SA,VIC"
mount serle,"SA,SA"
normanville,"SA,VIC"
pelican point,"SA,WA"
black rock,"SA,VIC"
red creek,"SA,WA"
bungaree,"SA,TAS,VIC"
yalata,"SA,SA"
mindarie,"SA,WA"
fitzroy,"SA,VIC"
bridgewater,"SA,TAS,VIC"
skye,"SA,VIC"
hilton,"SA,WA"
copley,"SA,WA"
blackwood,"SA,VIC"
seddon,"SA,VIC"
spring gully,"SA,VIC"
wandana,"SA,WA"
peterborough,"SA,VIC"
wild dog valley,"SA,VIC"
albert park,"SA,VIC"
kangaroo flat,"SA,VIC"
beltana,"SA,SA"
new town,"SA,TAS"
melton,"SA,VIC"
panitya,"SA,VIC"
emu farm,"SA,WA"
indulkana,"SA,SA"
colebrook,"SA,TAS"
bunbury,"SA,WA"
dawson,"SA,VIC"
longwood,"SA,VIC"
west beach,"SA,WA"
hawthorn,"SA,VIC"
bull creek,"SA,WA"
gawler,"SA,TAS"
mitcham,"SA,VIC"
spalding,"SA,WA"
walkerville,"SA,VIC"
maylands,"SA,WA"
garden island,"SA,TAS,WA"
norwood,"SA,TAS"
molesworth,"TAS,VIC"
strzelecki,"TAS,VIC"
perth,"TAS,WA"
westbury,"TAS,VIC"
rokeby,"TAS,VIC"
claremont,"TAS,WA"
lady barron,"TAS,TAS"
invermay,"TAS,VIC"
sandford,"TAS,VIC"
fitzgerald,"TAS,WA"
middlesex,"TAS,WA"
woodbridge,"TAS,WA"
cressy,"TAS,VIC"
arthur river,"TAS,WA"
seymour,"TAS,VIC"
longford,"TAS,VIC"
glengarry,"TAS,VIC"
irishtown,"TAS,VIC,WA"
flowerdale,"TAS,VIC"
tyenna,"TAS,VIC"
white hills,"TAS,VIC"
bushy park,"TAS,VIC"
beulah,"TAS,VIC"
lillico,"TAS,VIC"
victoria valley,"TAS,VIC"
wattle hill,"TAS,VIC"
beaumaris,"TAS,VIC"
mangalore,"TAS,VIC"
shannon,"TAS,WA"
derby,"TAS,VIC,WA"
plenty,"TAS,VIC"
christmas hills,"TAS,VIC"
york plains,"TAS,VIC"
broadmeadows,"TAS,VIC"
acton park,"TAS,WA"
fingal,"TAS,VIC"
hastings,"TAS,VIC,WA"
apollo bay,"TAS,VIC"
fortescue,"TAS,WA"
ellendale,"TAS,WA"
cape barren island,"TAS,TAS"
orford,"TAS,VIC"
kenmare,"VIC,WA"
golden point,"VIC,VIC,VIC"
st james,"VIC,WA"
laverton,"VIC,WA"
brunswick,"VIC,WA"
macleod,"VIC,WA"
reservoir,"VIC,WA"
myall,"VIC,VIC,VIC"
merrijig,"VIC,VIC,VIC"
moonlight flat,"VIC,VIC,VIC"
hopetoun,"VIC,WA"
talbot,"VIC,WA"
armadale,"VIC,WA"
trafalgar,"VIC,WA"
teesdale,"VIC,WA"
glen iris,"VIC,WA"
moora,"VIC,WA"
hillside,"VIC,VIC,WA"
huntingdale,"VIC,WA"
herne hill,"VIC,WA"
thomson,"VIC,VIC"
learmonth,"VIC,WA"
woodvale,"VIC,WA"
brown hill,"VIC,WA"
linga,"VIC,WA"
somerville,"VIC,WA"
dartmoor,"VIC,WA"
welshpool,"VIC,WA"
deepdene,"VIC,WA"
bayswater,"VIC,WA"
baynton,"VIC,WA"
kimbolton,"VIC,WA"
paynesville,"VIC,WA"
ferndale,"VIC,WA"
framlingham,"VIC,VIC"
murchison,"VIC,WA"
sorrento,"VIC,WA"
shelley,"VIC,WA"
fairy dell,"VIC,VIC"
ferguson,"VIC,WA"
serpentine,"VIC,WA"
pippingarra,"WA,WA"
strelley,"WA,WA"
badjaling,"WA,WA"
gilroyd,"WA,WA"
kanpa,"WA,WA"
wanarn,"WA,WA"
patjarr,"WA,WA"
tjukurla,"WA,WA"
mantamaru,"WA,WA"
kupartiya,"WA,WA"
warakurna,"WA,WA"
warmun,"WA,WA"
jigalong,"WA,WA"
bindi bindi,"WA,WA"
tjirrkarli,"WA,WA"
cosmo newbery,"WA,WA"
karalundi,"WA,WA"
gnangara,"WA,WA"
cullacabardee,"WA,WA"
kalumburu,"WA,WA"
kundat djaru,"WA,WA"
oombulgurri,"WA,WA"
